participant_id,wcst_hmm_lapse_occupancy,wcst_hmm_trans_to_lapse,wcst_hmm_trans_to_focus,wcst_hmm_stay_lapse,wcst_hmm_stay_focus,wcst_hmm_lapse_rt_mean,wcst_hmm_focus_rt_mean,wcst_hmm_rt_diff,wcst_hmm_state_changes,wcst_hmm_n_trials,wcst_hmm_lapse_dwell_mean,wcst_hmm_focus_dwell_mean,wcst_hmm_long_lapse_episode_rate,wcst_hmm_lapse_rt_sd,wcst_hmm_focus_rt_sd,wcst_hmm_state_entropy,wcst_hmm2d_lapse_occupancy,wcst_hmm2d_trans_to_lapse,wcst_hmm2d_trans_to_focus,wcst_hmm2d_stay_lapse,wcst_hmm2d_stay_focus,wcst_hmm2d_lapse_dwell_mean,wcst_hmm2d_focus_dwell_mean,wcst_hmm2d_state_entropy
06qcrpGKL6Vc3LVplFQC90VAcRm1,14.634146341463413,0.11059332679054892,0.5704105884941837,0.42958941150581625,0.8894066732094511,2045.7217003220696,879.6426140860427,1166.0790862360268,12,82,1.7142857142857142,11.666666666666666,0.14285714285714285,661.2564332824772,231.54931991455237,0.41631014066777594,15.853658536585366,0.10294117647058905,0.5384615384615373,0.46153846153846273,0.897058823529411,1.8571428571428572,8.625,0.43723521721290104
0ZtXlQtAJkW6jS21vfMOtNL4OnL2,2.5974025974025974,0.01351351351392841,0.9999999999999216,7.845416045360647e-14,0.9864864864860715,5834.749999947754,1156.370666666148,4678.379333281606,3,77,1.0,37.5,0.0,486.94999999995343,477.69354270238097,0.12045603384922707,20.77922077922078,0.14976647914972557,0.6235290937055512,0.3764709062944487,0.8502335208502744,1.6,6.1,0.511016781978249
0d841i8KPjdjwCYfDuUUXj0SEjH2,11.76470588235294,0.10155738087560205,0.6914232094722136,0.30857679052778636,0.8984426191243979,3904.985941411299,1348.5779905362926,2556.4079508750065,11,68,1.3333333333333333,10.0,0.0,1792.6530929329308,398.14934281818336,0.362210557135449,11.76470588235294,0.06779661016949151,0.6250000000000056,0.3749999999999945,0.9322033898305084,1.6,12.0,0.362210557135449
0oa5NYVnIBS9NmrmRAZrahXDctP2,1.36986301369863,0.0,1.0,0.0,1.0,12336.79999999702,909.8791666668322,11426.920833330187,1,73,1.0,72.0,0.0,0.0,554.72678759012,0.07237778951611745,13.698630136986301,0.1129032258064524,0.7999999999999959,0.200000000000004,0.8870967741935476,1.25,7.875,0.39945480152363744
146QT9LupyU2BAiTsB3PMIpVXM22,25.97402597402597,0.20056320176500875,0.46912612975478507,0.5308738702452148,0.7994367982349913,1564.628913158142,935.2479779588799,629.3809351992621,17,77,2.2222222222222223,6.333333333333333,0.1111111111111111,479.8793004492136,188.88607432307,0.5727850616244737,11.688311688311687,0.11940298507462734,0.8888888888888892,0.11111111111111079,0.8805970149253727,1.125,7.555555555555555,0.36066847187964196
1Vb7DcXYw9R86bw5qj9eBk9fPqA2,14.492753623188406,0.08915571128061535,0.5479495382016034,0.4520504617983967,0.9108442887193846,5158.078486922394,1547.9120441472364,3610.166442775158,11,69,1.6666666666666667,9.833333333333334,0.0,2615.160987700571,433.9469658915215,0.41380853183815924,13.043478260869565,0.08474576271186399,0.6666666666666651,0.3333333333333349,0.915254237288136,1.5,10.0,0.38721237518636065
1dpmVw8fpcc2IHs0s9WqdU8Yvi53,1.3888888888888888,0.014285714285715683,1.0,0.0,0.9857142857142843,13130.0,1792.1971831053077,11337.802816894693,2,72,1.0,35.5,0.0,0.0,1040.54771153649,0.07319012915586921,13.88888888888889,0.1147540983606583,0.700000000000006,0.29999999999999405,0.8852459016393417,1.4285714285714286,7.75,0.40294135786694235
1fbLQPCcysVlSKup96K4yI5NX6G3,3.296703296703297,5.246011500726542e-08,0.3329606153003587,0.6670393846996414,0.9999999475398851,5921.247998897737,1276.3772029924974,4644.870795905239,1,91,3.0,88.0,0.0,1364.3922317711615,387.58817745995105,0.14490921486754785,25.274725274725274,0.11940298507488312,0.3913043478240482,0.6086956521759518,0.8805970149251168,2.5555555555555554,7.555555555555555,0.5653332326888753
1tT7dcLvf0bMGBdBWWYd8YkdJwr1,1.1363636363636365,0.0,1.0,0.0,1.0,33756.39999997616,1551.0022988497526,32205.397701126407,1,88,1.0,87.0,0.0,0.0,855.607951358818,0.06217765171742484,11.363636363636363,0.1038961038961043,0.8999999999999995,0.10000000000000059,0.8961038961038957,1.1111111111111112,8.666666666666666,0.3540511393449268
1upUBO9zBnhHcpJ1WoAnaBXWKRV2,28.125,0.09257833902245607,0.23465764896927463,0.7653423510307253,0.907421660977544,2240.5105185029943,1162.9407750616483,1077.569743441346,10,128,6.0,18.4,0.5,1113.15465061836,284.80592042565314,0.5941300227248385,49.21875,0.3384615384615423,0.3548387096774384,0.6451612903225616,0.6615384615384577,2.739130434782609,2.9545454545454546,0.6930251052799065
23AEyocWhqY955WHbxhHRSgQ1ms2,1.1764705882352942,0.0,1.0,0.0,1.0,27597.09999999404,1439.076190476084,26158.023809517956,1,85,1.0,84.0,0.0,0.0,856.225291561288,0.06396171410398296,22.35294117647059,0.12307760324288905,0.4736751927817301,0.5263248072182699,0.876922396757111,2.111111111111111,7.333333333333333,0.5313388614561229
23hG7h2ByUZDbmOMTDtp0HT0xRb2,16.40625,0.1412154329653298,0.6099372502970014,0.3900627497029985,0.8587845670346702,5090.739283269554,1432.6219017432452,3658.117381526309,27,128,1.5,7.642857142857143,0.0,1810.1920982987135,585.5892981913237,0.4463454476726184,37.5,0.25316455696203277,0.4374999999999929,0.5625000000000071,0.7468354430379671,2.2857142857142856,3.8095238095238093,0.6615632381579821
28nQWMwCaSNFBEXlicY3eHqpwKU2,14.772727272727273,0.02314476271330758,0.16552778861016143,0.8344722113898385,0.9768552372866924,2501.6592353534797,1511.1927208290679,990.4665145244119,3,88,6.5,37.5,1.0,819.0859691160631,349.3898116118021,0.41874647172566937,17.045454545454543,0.13888888888888823,0.6666666666666679,0.33333333333333215,0.8611111111111118,1.5,6.636363636363637,0.45660622106495985
2FHuv7L9nWPdbIiWHRIuXtcoyw83,16.901408450704224,0.26202264831320865,0.8326631799213872,0.1673368200786128,0.7379773516867915,1926.2643359973613,1131.7421294174626,794.5222065798987,22,71,1.0909090909090908,4.916666666666667,0.0,498.205864410821,296.0151212780743,0.45431946876112594,12.676056338028168,0.08196721311475391,0.6666666666666603,0.33333333333333964,0.9180327868852461,1.5,10.333333333333334,0.38018194649453163
2h5FgHUEvBS1twD5DqbTIRrMm1f2,11.11111111111111,0.10485295002961771,0.7421340699701683,0.2578659300298317,0.8951470499703824,7487.223752373644,1430.9242373757183,6056.299514997925,17,99,1.2222222222222223,9.777777777777779,0.0,3974.952681675311,692.3351942071673,0.34883209584303193,22.22222222222222,0.15789473684210584,0.5454545454545546,0.4545454545454453,0.8421052631578941,1.8333333333333333,5.923076923076923,0.5297061990576545
2zDXvJKvjeejeOSNbtDbtSI5cdz1,28.169014084507044,0.2513691203620274,0.6244626863525494,0.3755373136474505,0.7486308796379727,2655.2678014147405,1223.1077374906586,1432.160063924082,23,71,1.6666666666666667,4.25,0.08333333333333333,827.5592351002496,275.265536908079,0.5945425145058163,12.676056338028168,0.09836065573770535,0.6666666666666667,0.3333333333333333,0.9016393442622946,1.5,8.857142857142858,0.38018194649453163
3FSnTCSiUodLp5u3bE0xaUjLk0b2,1.1904761904761905,0.0,1.0,0.0,1.0,13512.100000000091,1348.7156626505957,12163.384337349496,1,84,1.0,83.0,0.0,0.0,622.7675229056141,0.06458143637762753,15.476190476190476,0.11428571428571664,0.6923076923076913,0.30769230769230865,0.8857142857142833,1.4444444444444444,7.888888888888889,0.430880930784583
3WijiOiVCoMbn80F05SPYsxl0TC2,17.5,0.08518353630288007,0.39486165833058995,0.60513834166941,0.9148164636971199,2987.569601025379,1194.205066662623,1793.364534362756,11,80,2.3333333333333335,11.0,0.16666666666666666,1190.508453049881,304.39636789169396,0.4637264398194103,20.0,0.11111111111111167,0.5000000000000036,0.49999999999999645,0.8888888888888883,2.0,8.0,0.5004024235381879
3rlzYufVjVVLv3ZFLcpfZUtXEEi1,10.9375,0.06847124658749308,0.44487205835203464,0.5551279416479654,0.931528753412507,2137.502747002645,1091.5849929262451,1045.9177540763997,13,128,2.0,16.285714285714285,0.14285714285714285,656.9833244784292,283.99473496508665,0.34520662539160074,73.4375,0.6764705882352934,0.2473118279569872,0.7526881720430129,0.32352941176470645,3.9166666666666665,1.4782608695652173,0.5788586438389152
3xCaqfcHxRQxuOlEzXz3PNcHODH2,10.144927536231885,0.1115741709406968,0.8048471070306591,0.19515289296934085,0.8884258290593032,2801.7691567265374,1143.4601250198555,1658.309031706682,11,69,1.1666666666666667,10.333333333333334,0.0,1145.1657128104794,332.215151398685,0.3282557376960584,7.246376811594203,0.06349206349206248,0.8000000000000028,0.19999999999999715,0.9365079365079375,1.25,12.8,0.25996582492784637
4ySuGdFDDmaAr6JUXbD4UIY6BQ13,24.390243902439025,0.23337640389612058,0.619740105383725,0.3802598946162749,0.7666235961038794,2216.7644218788514,947.2306645054668,1269.5337573733846,27,82,1.4285714285714286,4.428571428571429,0.0,1107.5089076278114,205.46718274260888,0.5555365967291861,10.975609756097562,0.11111111111111227,1.0,0.0,0.8888888888888878,1.0,8.11111111111111,0.3460050960464662
50R0P1MIMvRvK1qpqfGROchII6R2,1.5625,0.008022302474349407,0.9999999996248687,3.751311838049075e-10,0.9919776975256506,3798.3160085932977,1110.5939266237376,2687.7220819695603,3,128,1.0,63.0,0.0,543.0499999523163,358.87816258941683,0.08048483706800685,42.96875,0.31506849315068514,0.4259259259259257,0.5740740740740743,0.6849315068493148,2.2916666666666665,3.1739130434782608,0.683226635860098
5OOi73igsahMZ5IVKQwwyhnj4Cn2,17.142857142857142,0.18277404931929858,0.8180703867137074,0.18192961328629262,0.8172259506807015,3557.824113287692,1416.6601083332318,2141.1640049544603,19,70,1.2,5.8,0.0,897.6513247156965,371.8033113176696,0.4581441790615257,10.0,0.08064516129032234,0.8571428571428589,0.14285714285714116,0.9193548387096776,1.1666666666666667,10.5,0.3250829733914482
5Z68AKm9rIeeB2lVu3nJO7U31wk1,0.78125,0.0,1.0,0.0,1.0,10760.599999999627,1114.14488188984,9646.455118109787,1,128,1.0,127.0,0.0,0.0,478.8873169299287,0.045688389073983635,35.9375,0.23170731707316897,0.42222222222222244,0.5777777777777775,0.7682926829268311,2.3,4.315789473684211,0.6530577442776866
5rXSa3anB5ejmFrnwUsTB82byup1,2.3529411764705883,0.02535218541942372,0.9999999996674782,3.3252189997707437e-10,0.9746478145805764,2269.8765063298706,911.7962995490659,1358.0802067808047,3,85,1.0,41.5,0.0,747.1999999999534,255.02019152195086,0.11147402345222804,12.941176470588237,0.12328767123287696,0.818181818181813,0.181818181818187,0.8767123287671231,1.2222222222222223,7.4,0.385266963573956
5zxa5CMLGQSSonWOXqXf0QNS3PH3,2.2988505747126435,1.071884896753841e-11,0.4871905276754004,0.5128094723245996,0.9999999999892811,7653.890708198304,1193.3999206609544,6460.49078753735,1,87,2.0,85.0,0.0,2694.199999988079,473.21605722880446,0.10945235816266657,14.942528735632186,0.13698630136986095,0.8461538461538337,0.15384615384616632,0.8630136986301391,1.1818181818181819,6.7272727272727275,0.421710894009658
62fAfeQc27bZelkPX7G54T3gvci2,11.428571428571429,0.09114566421331259,0.7372464487084458,0.26275355129155425,0.9088543357866875,6633.586110592149,1356.821069114815,5276.765041477334,11,70,1.3333333333333333,10.333333333333334,0.0,3019.301239111757,371.10593106729095,0.355382896246011,11.428571428571429,0.11475409836065488,1.0,0.0,0.8852459016393451,1.0,7.75,0.355382896246011
6ABZuv4jbjgE0B8TeyUk6nwVb122,23.863636363636363,0.21590906456527753,0.648509768309682,0.35149023169031807,0.7840909354347224,2984.3064974536364,1631.6660097894558,1352.6404876641807,25,88,1.6153846153846154,5.153846153846154,0.0,931.80200448494,257.460931270324,0.5495029884397222,11.363636363636363,0.10389610389610361,0.8000000000000005,0.19999999999999946,0.8961038961038964,1.25,8.666666666666666,0.3540511393449268
6OwhwWQDThSPHTVAeXugohrYuje2,31.25,0.09237452132767579,0.1796254691176492,0.8203745308823507,0.9076254786723242,2522.7078052040956,1323.2045826547198,1199.5032225493758,9,128,8.0,17.6,0.4,916.9822207142361,405.3560802297894,0.6210863745552451,41.40625,0.41333333333333044,0.5769230769230718,0.4230769230769282,0.5866666666666694,1.7096774193548387,2.4193548387096775,0.67830307693926
6WFCyGwk71XLPBmbe4Vav3eotVm1,17.391304347826086,0.189495946092525,0.7704398201042012,0.22956017989579888,0.8105040539074749,2296.9952643678653,1024.7015520012924,1272.293712366573,19,69,1.2,5.7,0.0,804.8233970591231,196.57023476620918,0.46203690946645704,10.144927536231885,0.06557377049180235,0.5714285714285676,0.4285714285714323,0.9344262295081976,1.75,12.4,0.3282557376960584
7cvQFrzIDEVAkFCcGAHZPUvJ2MF3,14.473684210526317,0.04313263488743876,0.2917657822755633,0.7082342177244366,0.9568673651125612,2671.734669409165,1563.3154379811924,1108.4192314279724,5,76,3.6666666666666665,21.666666666666668,0.3333333333333333,577.0203447990913,305.4761823809641,0.4134699120758247,15.789473684210526,0.11111111111111278,0.5833333333333325,0.4166666666666676,0.8888888888888872,1.7142857142857142,8.0,0.4361623253853443
80UJMJbCOMgs6YVpsMgXfYTzw6o2,1.4084507042253522,0.0,1.0,0.0,1.0,8987.0,1312.4928571427772,7674.507142857223,1,71,1.0,70.0,0.0,0.0,574.2323442952761,0.0740225961475812,15.492957746478872,0.10170151659868415,0.6361728990821625,0.3638271009178375,0.8982984834013158,1.5714285714285714,8.571428571428571,0.43116548642007435
87w5Le0CgZhSfYAaOH3Xd2fc98l1,32.03125,0.015785688871364393,0.05660400439064149,0.9433959956093586,0.9842143111286357,4642.624299332661,1486.267179770217,3156.3571195624445,3,128,20.5,43.5,0.5,3926.347091588833,458.9773273378408,0.6271047869053563,34.375,0.20481927710843792,0.40909090909090273,0.5909090909090973,0.795180722891562,2.4444444444444446,4.666666666666667,0.6434915530192904
8bwaafIhKVMNBoHaXFcY8HirS9u2,26.82926829268293,0.1166528362019177,0.3514578631912432,0.6485421368087567,0.8833471637980823,2315.998100863888,937.8937821565007,1378.1043187073872,13,82,3.142857142857143,8.571428571428571,0.2857142857142857,1376.9174222121771,152.43776044997102,0.5815532996153631,10.975609756097562,0.08333333333333494,0.7777777777777799,0.22222222222222013,0.9166666666666651,1.2857142857142858,10.428571428571429,0.3460050960464662
8cOQBMgQEYSlJ4CK60pFMmBVEBV2,23.46938775510204,0.26879204502677045,0.8164139269741341,0.18358607302586588,0.7312079549732295,4349.478368288675,1275.3984162731424,3074.0799520155324,39,98,1.15,3.75,0.0,3346.7304040287668,320.57797283272487,0.5448860962053298,28.57142857142857,0.13043478260869268,0.3571428571428614,0.6428571428571387,0.8695652173913073,2.8,7.0,0.5982695885852573
9NTZ091xWyOO8DgzyTGY0O3i8IR2,19.78021978021978,0.2631602219802578,0.8630865572105023,0.13691344278949763,0.7368397780197421,1927.4328282366052,1058.568105076073,868.8647231605323,31,91,1.125,4.5625,0.0,588.8694233678837,185.4530655437989,0.49734048623153665,10.989010989010989,0.08749999999999891,0.7999999999999994,0.2000000000000006,0.9125000000000011,1.25,10.125,0.34628552345742153
9Xz1RIwnPXgyRqmucudW9VeuDnq1,15.492957746478872,0.21153478243451793,0.9998324395542707,0.00016756044572932436,0.7884652175654822,2501.3442111173613,1183.3411334877353,1318.003077629626,21,71,1.0,5.454545454545454,0.0,990.306781084171,243.84410491133156,0.43116548642007435,12.676056338028168,0.09836065573770511,0.6666666666666683,0.33333333333333176,0.9016393442622949,1.5,8.857142857142858,0.38018194649453163
9l7DjYLs0XdgwykPZR5E01KTZfu2,17.333333333333336,0.13015472009584445,0.6107385572526803,0.38926144274731966,0.8698452799041555,3845.397447678354,993.5316385157613,2851.865809162593,15,75,1.625,7.75,0.0,2129.254931971158,279.5992313000837,0.46113246660570173,10.666666666666668,0.09090909090909167,0.7499999999999973,0.25000000000000266,0.9090909090909083,1.3333333333333333,9.571428571428571,0.3394889424345316
A9AEg0g6c2P1Bk72HLmnK3oWJ9B2,25.609756097560975,0.08548607660433194,0.27418109680123237,0.7258189031987677,0.9145139233956681,2798.7934035288326,1074.501317254696,1724.2920862741366,11,82,3.5,10.166666666666666,0.16666666666666666,1375.9740385724713,237.1444284290392,0.5689353825476205,19.51219512195122,0.13846153846153703,0.5624999999999958,0.43750000000000416,0.8615384615384631,1.7777777777777777,6.6,0.49356519202546545
ASGvwW80q7VY7xFaLGZhVuErUQu2,2.5,0.014384825931669176,0.9994915295933964,0.0005084704066036862,0.9856151740683308,5404.471092414843,1378.7291908021375,4025.7419016127055,3,80,1.0,39.0,0.0,2148.0000009536743,429.39270130636373,0.11690684913753106,88.75,0.7777777777777812,0.09999999999999896,0.900000000000001,0.2222222222222187,8.875,1.2857142857142858,0.35171047884938955
AUKCfn4HzgVB7m6LNnh2gQb7G5s2,1.0638297872340425,0.010869565217391318,1.0,0.0,0.9891304347826086,16531.5,1713.2172043195335,14818.282795680467,2,94,1.0,46.5,0.0,0.0,1041.1507525422437,0.05891443266093149,21.27659574468085,0.1506849315068513,0.5499999999999975,0.45000000000000256,0.8493150684931486,1.8181818181818181,6.166666666666667,0.5175983740977871
AsXBOflrszVNKoFqbN61bMJqS0k2,12.380952380952381,0.07689571588822357,0.4790276818501635,0.5209723181498365,0.9231042841117764,2316.5023681585626,1114.4503370365605,1202.052031122002,13,105,1.8571428571428572,13.142857142857142,0.0,877.5339384377023,250.28820669188212,0.37444710505741213,80.95238095238095,0.6000000000000063,0.1428571428571438,0.8571428571428563,0.3999999999999938,6.538461538461538,1.6666666666666667,0.48691270946460224
AyAnuCaltBbpEYbudoyNzTvXlcC2,0.8928571428571428,0.0,1.0,0.0,1.0,24974.89999997616,2112.972072077764,22861.927927898396,1,112,1.0,111.0,0.0,0.0,1347.0730744050497,0.05101804678019193,23.214285714285715,0.18823529411765955,0.6538461538461355,0.34615384615386446,0.8117647058823404,1.5294117647058822,5.0588235294117645,0.5418526439168785
BbwUTWswjtPWhb5DvLAmh9Hdpyl2,13.28125,0.13630317533918837,0.7715500475207911,0.22844995247920882,0.8636968246608117,31508.092116274842,3070.890254851908,28437.201861422935,26,128,1.3076923076923077,7.928571428571429,0.0,46767.939643696795,2263.4368193846685,0.39169839521161126,61.71875,0.5714285714285473,0.358974358974367,0.641025641025633,0.4285714285714526,2.7241379310344827,1.75,0.665424209604653
BcCTlXWx6ARh4rBtkdWRgZH3C7H2,48.05194805194805,0.4032411959667771,0.2752445355354694,0.7247554644645307,0.5967588040332228,1475.3283505560912,971.7917843736301,503.5365661824611,28,77,2.466666666666667,2.857142857142857,0.2,428.51941873329577,123.69081415661303,0.6923880071472714,12.987012987012985,0.12121212121212366,0.9000000000000006,0.09999999999999946,0.8787878787878763,1.1111111111111112,7.444444444444445,0.38613975394283734
C4HWhqUIJ3Rl6SboyJGqlrXFAJJ2,9.523809523809524,0.06353323532987233,0.5988982305896361,0.40110176941036385,0.9364667646701277,7050.160425812949,1637.1383097787764,5413.0221160341725,11,105,1.6666666666666667,15.833333333333334,0.0,5443.779790881528,482.01361603470815,0.31449220128141064,16.19047619047619,0.13793103448275887,0.7647058823529382,0.23529411764706173,0.8620689655172411,1.3076923076923077,6.769230769230769,0.44281495470002014
CDEoAyvS8feXLKMKsaZah9agEhF3,17.647058823529413,0.166742776996593,0.812650659701332,0.187349340298668,0.833257223003407,7072.560656494042,1051.5961591396429,6020.964497354399,19,68,1.2,5.6,0.0,9472.950665047882,257.40143367513997,0.4659992569610426,91.17647058823529,1.0,0.09836065573770529,0.9016393442622948,0.0,8.857142857142858,1.0,0.2984358127031066
CGyTPhevTbSvVnZ8qSP0NtWuhgw1,1.098901098901099,0.0,1.0,0.0,1.0,13646.0,1432.1633333100212,12213.836666689978,1,91,1.0,90.0,0.0,0.0,636.0275586980465,0.06049829410230214,21.978021978021978,0.12857142857142903,0.5000000000000036,0.49999999999999645,0.871428571428571,2.0,7.1,0.5266296522200016
CN1ySCsiSLN4m9yh9fS4s5p6T8k1,18.51851851851852,0.10481729713061258,0.4645534425811987,0.5354465574188014,0.8951827028693874,3404.4932215899585,1471.3234605541072,1933.1697610358513,13,81,2.142857142857143,9.428571428571429,0.14285714285714285,1339.2013421936506,319.9684749773893,0.4791656239282754,20.98765432098765,0.12698412698412812,0.5294117647058794,0.47058823529412047,0.8730158730158718,1.8888888888888888,7.111111111111111,0.5137930536357145
CUNlBEszJVRGK1jWlTaOaCqpDg53,5.263157894736842,0.03888341719975991,0.7359288628298636,0.2640711371701364,0.96111658280024,3263.087528491769,1275.5713566138693,1987.5161718778995,5,76,1.3333333333333333,24.0,0.0,1231.7529683342332,434.0698762317991,0.20619205063323187,15.789473684210526,0.09523809523809462,0.5000000000000012,0.49999999999999883,0.9047619047619053,2.0,9.142857142857142,0.4361623253853443
Cbkx2NHyF3NrebzXGqNgSfiWent1,28.169014084507044,0.30828744826940646,0.6294233132987666,0.3705766867012334,0.6917125517305936,1734.6400805713638,869.3298478906789,865.3102326806849,27,71,1.4285714285714286,3.642857142857143,0.0,897.5976870935832,130.74967739580603,0.5945425145058163,11.267605633802818,0.11290322580645139,0.8749999999999998,0.12500000000000022,0.8870967741935486,1.1428571428571428,7.875,0.35207396019476256
Co587hoelyeANqFX7AYvuVQW0lZ2,3.6585365853658534,0.026367631244864236,0.9999999999967416,3.258385604405974e-12,0.9736323687551357,3561.8032421746007,932.8116375124474,2628.9916046621533,5,82,1.0,26.333333333333332,0.0,410.3204926155943,344.3103553685463,0.1569361105459723,18.29268292682927,0.09090909090909094,0.4666666666666627,0.5333333333333373,0.9090909090909092,2.142857142857143,9.571428571428571,0.47580267999927905
CtJe4bZZnYUBNrcPk00d3YQFSGp2,22.5,0.1445573707738213,0.4839603288531412,0.5160396711468587,0.8554426292261788,2618.813469431126,1148.332870114893,1470.480599316233,17,80,2.0,6.888888888888889,0.0,1110.5810286112678,207.42108793736838,0.5331638407372986,20.0,0.1269841269841286,0.49999999999999967,0.5000000000000003,0.8730158730158714,2.0,7.111111111111111,0.5004024235381879
DAKDKPH698P12JfTbbjemLI6PIH2,26.744186046511626,0.10613772458923636,0.30532559677742743,0.6946744032225726,0.8938622754107637,2598.3079039715967,875.6716097447816,1722.6362942268152,13,86,3.2857142857142856,9.0,0.14285714285714285,1628.9087132206157,158.44239795194207,0.5806978226600542,19.767441860465116,0.1470842589929399,0.6464575739979216,0.35354242600207847,0.85291574100706,1.5454545454545454,6.2727272727272725,0.49716153269343133
DPvStUYSmohmXwFwaKRqHv89R3k1,36.507936507936506,0.178948811505457,0.30565532304853277,0.6943446769514672,0.821051188494543,2273.8733741621345,1104.546860152348,1169.3265140097865,13,63,3.2857142857142856,5.714285714285714,0.2857142857142857,931.9756389311573,178.26335040078186,0.6562848036783915,4.761904761904762,0.05084745762711874,1.0,0.0,0.9491525423728813,1.0,15.0,0.19144408195771734
DaRehVxIOhXtEtUExdgvUl0mKcx2,14.0625,0.10215497280863767,0.5479067855810221,0.45209321441897793,0.8978450271913623,4491.047522343451,1630.3040435216017,2860.7434788218497,19,128,1.8,11.0,0.1,2218.206868897437,606.0350637103786,0.40609642111261135,50.0,0.3437500000000024,0.34920634920635457,0.6507936507936454,0.6562499999999978,2.782608695652174,2.909090909090909,0.6931471805599453
Df83JuPuJkXqTGbENhM2gw5SJM43,14.772727272727273,0.16412412774486346,0.661614340919021,0.33838565908097895,0.8358758722551366,2307.184183415224,1138.269888922302,1168.9142944929222,17,88,1.4444444444444444,8.333333333333334,0.0,588.9222939268274,338.37671723424717,0.41874647172566937,13.636363636363635,0.11999999999999869,0.7499999999999947,0.25000000000000533,0.8800000000000012,1.3333333333333333,7.6,0.39830711380528416
DxSidjznjVSNDJuDqqGgxpMEGtw1,1.4705882352941175,0.0,1.0,0.0,1.0,13906.400000095367,1695.1447761201148,12211.255223975253,1,68,1.0,67.0,0.0,0.0,483.41118719528924,0.07664880077618422,91.17647058823529,0.8333333333333373,0.0819672131147541,0.9180327868852459,0.16666666666666274,10.333333333333334,1.2,0.2984358127031066
DzB19GqCB7fyrlEPexogWkjFzEx2,1.2658227848101267,0.0,1.0,0.0,1.0,7012.900000095367,1686.2410256373576,5326.65897445801,1,79,1.0,78.0,0.0,0.0,544.1571041223245,0.0678872387735005,16.455696202531644,0.09230769230769312,0.5384615384615395,0.4615384615384605,0.907692307692307,1.8571428571428572,9.428571428571429,0.44714969271076743
EEodWwGh0wWq5f8JmzfKvq0lyeu1,9.375,0.06733475297463429,0.6715465990504608,0.32845340094953923,0.9326652470253657,3964.3085191570813,898.5553207107566,3065.753198446325,11,96,1.5,14.5,0.0,2661.5574387939982,233.78601578336205,0.3111291548118492,85.41666666666666,0.6428571428571447,0.11111111111111141,0.8888888888888886,0.35714285714285526,8.2,1.5555555555555556,0.4154129738607282
EUhcW9kURScie1DwGPHqmNqotJB2,24.21875,0.2534572833224248,0.6410565167842565,0.3589434832157436,0.7465427166775753,3195.4648978308023,1709.4186185787662,1486.0462792520361,42,128,1.4090909090909092,4.619047619047619,0.0,1023.4735701028723,374.836273040109,0.553588324436276,39.84375,0.28947368421050945,0.43137254901958605,0.5686274509804139,0.7105263157894905,2.3181818181818183,3.347826086956522,0.6723730392971619
EmfmKFDgWJdW47a6CNTNjnbYaPh2,10.843373493975903,0.1483384944536242,0.9999997306770791,2.6932292075769764e-07,0.8516615055463758,3786.7529101454897,1418.7874361003292,2367.9654740451606,17,83,1.0,8.222222222222221,0.0,934.3251753732206,410.0725509424722,0.3432281006503987,13.253012048192772,0.09859154929577484,0.6363636363636275,0.36363636363637253,0.9014084507042253,1.5714285714285714,9.0,0.39116821538770563
EoToosG69XMp4LTYdB6sB9WTrv22,1.5384615384615385,0.0,1.0,0.0,1.0,14831.0,1454.635937474668,13376.364062525332,1,65,1.0,64.0,0.0,0.0,988.9341725577049,0.07948700320303707,4.615384615384616,0.016393442622950668,0.666666666666673,0.33333333333332704,0.9836065573770494,1.5,31.0,0.18703082776025234
Fz7EUjZCLuUBxLDUVtN6djaBTy42,1.1904761904761905,0.012195121951218642,1.0,0.0,0.9878048780487814,16770.0,1816.7084337415465,14953.291566258453,2,84,1.0,41.5,0.0,0.0,686.75945478308,0.06458143637762753,16.666666666666664,0.11594202898550868,0.6428571428571408,0.3571428571428592,0.8840579710144914,1.5555555555555556,7.777777777777778,0.45056120886630463
G1Ff3XYUZMRsPafyEQ80ussnVlf1,25.0,0.21345122724588936,0.5504075747263648,0.44959242527363513,0.7865487727541106,2450.070738402849,1363.660367918782,1086.4103704840672,37,128,1.6842105263157894,5.052631578947368,0.0,550.6796504441514,263.9832526363692,0.5623351446188083,32.8125,0.24705882352940903,0.5000000000000017,0.49999999999999833,0.7529411764705909,2.0,3.909090909090909,0.6328428307500615
G9VruXninjUdE9czK2DambZl5li2,12.121212121212121,0.0862106115994692,0.5625955713671612,0.43740442863283874,0.9137893884005308,3624.3740228778483,1354.477050591265,2269.896972286583,13,99,1.7142857142857142,12.428571428571429,0.0,1242.3765196858283,495.36924657054607,0.3693331216456527,23.232323232323232,0.15999999999999842,0.5652173913043448,0.43478260869565527,0.8400000000000016,1.7692307692307692,5.846153846153846,0.5420683266181091
GDZGRW51kbWtAdUIHCtEd8sAtqY2,1.2048192771084338,0.0,1.0,0.0,1.0,22038.900000095367,1812.084146325181,20226.815853770186,1,83,1.0,82.0,0.0,0.0,524.9950679251467,0.06521436351143224,21.686746987951807,0.09374999999999926,0.38888888888888606,0.6111111111111139,0.9062500000000008,2.5714285714285716,9.285714285714286,0.5229145332743403
GE4hogtdLdTFbNasENgtm6SO3hC3,7.462686567164178,0.021011305029581113,0.4537319489007588,0.5462680510992411,0.9789886949704188,3709.55310993036,1649.9427717955205,2059.6103381348394,3,67,2.5,31.0,0.0,677.5389364523778,395.97943322813336,0.2654460308093813,10.44776119402985,0.05084745762711968,0.5714285714285697,0.42857142857143027,0.9491525423728803,1.75,15.0,0.3348113540668879
GEwkBw3YHaNp3TCh9YS9PKVfavz1,2.5974025974025974,0.013513513513667561,1.0,4.750760503884096e-48,0.9864864864863325,7827.449999993823,1288.6319999953676,6538.817999998456,3,77,1.0,37.5,0.0,576.8499999940395,638.3055759659225,0.12045603384922707,14.285714285714285,0.10769230769230846,0.6363636363636347,0.3636363636363653,0.8923076923076916,1.5714285714285714,8.25,0.410116318288409
HSggdq91WiQp16bOj7V3dABkcgk2,11.235955056179774,0.09064074680854069,0.801335648129394,0.19866435187060597,0.9093592531914593,3249.585635092858,1112.6100072365882,2136.97562785627,15,89,1.25,9.875,0.0,330.33002287782506,392.1446671971363,0.35142028799241903,14.606741573033707,0.11999999999999883,0.7692307692307687,0.23076923076923123,0.8800000000000012,1.3,7.6,0.4158265325550484
HbydnnT1hUP3WagAy2TJAc6GqVs2,19.402985074626866,0.21018819275491574,0.7840274786271421,0.21597252137285797,0.7898118072450843,3311.1643855468224,1467.1839644315603,1843.980421115262,21,67,1.1818181818181819,4.909090909090909,0.0,1113.0431088268447,288.82022196330894,0.49201381101080494,7.462686567164178,0.04918032786885242,0.8,0.2,0.9508196721311476,1.25,15.5,0.2654460308093813
HyQM2xKwwuVfqidmRYF6TiRk90C2,25.301204819277107,0.14291532274888152,0.4446686615353012,0.5553313384646988,0.8570846772511185,2098.5590104538296,860.1399948017934,1238.4190156520363,17,83,2.3333333333333335,6.888888888888889,0.0,711.4124683619657,232.12497742272737,0.5656200889413262,12.048192771084338,0.11111111111111087,0.8000000000000056,0.19999999999999435,0.8888888888888891,1.25,8.11111111111111,0.36788410016077855
IaTJhUGICmO9xcL3605RW8QHneN2,20.37037037037037,0.12862908268207612,0.4237821524351877,0.5762178475648123,0.8713709173179238,2077.870659147118,1003.5526039077774,1074.3180552393408,19,108,2.2,8.6,0.1,717.1360436082098,265.9077737559997,0.5054941766456584,18.51851851851852,0.17241379310344787,0.7499999999999954,0.2500000000000046,0.827586206896552,1.3333333333333333,5.5,0.4791656239282754
JOBWLirr6KYf3GXJ3jPFKmd48S93,14.666666666666666,0.0700843783520943,0.45772828371565283,0.5422717162843471,0.9299156216479056,3656.9644190974063,1249.9314698455196,2407.0329492518867,9,75,2.2,12.8,0.2,1333.5612918057866,259.46654227293834,0.416883242392296,18.666666666666668,0.10000109355097273,0.49888821195640604,0.501111788043594,0.8999989064490272,2.0,8.714285714285714,0.48135333581383566
Jp6aXC9KLjcFZBaQdZl4i9dUscl1,8.333333333333332,0.12630325267702525,0.9999999392604536,6.073954648025085e-08,0.8736967473229748,2377.8788739560973,1147.685575644465,1230.1932983116324,10,60,1.0,9.166666666666666,0.0,737.0683235537041,290.3409725855867,0.2868359830561607,3.3333333333333335,0.03742733741736022,1.0,3.226027747644597e-22,0.9625726625826398,1.0,19.333333333333332,0.1461447460085638
JvrZiMHtAfP6gvQtlevYWafKy0z2,18.666666666666668,0.08168636721975701,0.3573886752511336,0.6426113247488663,0.918313632780243,2577.367601414439,1587.562518899714,989.805082514725,7,75,3.5,15.25,0.25,651.5849924868585,279.80522374246095,0.48135333581383566,16.0,0.09677419354838747,0.5833333333333338,0.41666666666666613,0.9032258064516125,1.7142857142857142,9.0,0.439669879401343
K26uNuY0VNPjJNF26wEx3bFg0kr2,2.857142857142857,0.014925373134326523,1.0,0.0,0.9850746268656735,3407.199999999954,1112.841176470599,2294.3588235293546,3,70,1.0,34.0,0.0,9.599999999860302,284.20609249338753,0.12974069471942834,90.0,0.7142857142857195,0.08064516129032234,0.9193548387096776,0.28571428571428054,10.5,1.4,0.3250829733914482
K7ykiXe6CqQUKpEzs2nYrMTVuDA2,32.25806451612903,0.13126028252342023,0.2852009202721531,0.7147990797278468,0.8687397174765797,5027.528467091492,1314.7598523341871,3712.7686147573045,12,93,5.0,9.0,0.16666666666666666,3688.269272075086,445.64971437935793,0.6287993940937805,27.956989247311824,0.15237598963817164,0.3797991351329524,0.6202008648670476,0.8476240103618283,2.6,6.090909090909091,0.5925466384462316
KtKj6zUKc5Oogd2itg2jdwkchnf2,40.909090909090914,0.09446471588967159,0.16422679758984593,0.8357732024101541,0.9055352841103285,1568.3311266599258,818.4190994799533,749.9120271799725,7,66,6.75,9.75,0.25,654.2282274410179,141.6800841542812,0.6765259604934999,4.545454545454546,0.04838709677419449,1.0,0.0,0.9516129032258055,1.0,15.75,0.18490739916777568
LSLmd8jENtONZFVkIpRDX665Bu73,10.975609756097562,0.1270936911014688,0.9993502498981633,0.0006497501018367503,0.8729063088985313,3545.8226352193446,1436.2553522604896,2109.567282958855,17,82,1.0,8.11111111111111,0.0,767.0569438422191,385.18223606811637,0.3460050960464662,18.29268292682927,0.13636363636363663,0.6666666666666664,0.33333333333333365,0.8636363636363633,1.5,6.7,0.47580267999927905
Lhv9P8ZrkDSIB7BGwooAqfu8SGF3,9.859154929577464,0.09391072036339278,0.9999999986049803,1.3950197037137416e-09,0.9060892796366072,3448.311636050661,1170.4498107188463,2277.8618253318145,13,71,1.0,9.142857142857142,0.0,1584.622519898588,258.40783649509666,0.32197722382432675,88.73239436619718,1.0,0.12903225806451624,0.8709677419354838,0.0,7.0,1.0,0.35207396019476256
LliUMEIsrCVZ88YFQfevan2Og4z1,2.0618556701030926,0.010638297872341832,1.0,5.036694233573005e-154,0.9893617021276582,4873.79999999993,1078.647368421038,3795.1526315788924,3,97,1.0,47.5,0.0,164.09999999997672,412.44537318474835,0.10043676135728728,20.618556701030926,0.17105263157894532,0.6999999999999994,0.30000000000000054,0.8289473684210547,1.4285714285714286,5.5,0.508858783103244
M4Km1Q2P2oPliChDQkwl6k20FUI3,17.647058823529413,0.13101311157798143,0.5950898457999435,0.40491015420005644,0.8689868884220187,5525.91958033028,1384.3601500723823,4141.5594302578975,21,102,1.6363636363636365,7.636363636363637,0.0,4167.1902449834215,472.40823012884005,0.4659992569610426,18.627450980392158,0.14634146482194055,0.6842105067839668,0.3157894932160332,0.8536585351780596,1.4615384615384615,6.384615384615385,0.48077564611485935
O61Eik2zvrSQLMNpFbTNEgjWwMr2,17.94871794871795,0.06897800648471607,0.3384602148407107,0.6615397851592892,0.9310219935152839,2486.876819087633,1344.9593231292652,1141.917495958368,8,78,2.8,16.0,0.4,401.4630028451078,294.3099030954269,0.47061498118148126,14.102564102564102,0.10606060606060594,0.6363636363636398,0.36363636363636015,0.893939393939394,1.5714285714285714,8.375,0.40682096130527384
OExlWyngGfPrScDYjaRcv5PIAet1,13.636363636363635,0.10542653153155261,0.669726299687458,0.33027370031254194,0.8945734684684474,3387.4179937401195,972.2158412304885,2415.202152509631,11,66,1.5,9.5,0.0,1525.2674971743209,192.03266840173043,0.39830711380528416,7.575757575757576,0.06671478907440413,0.9996962895611148,0.00030371043888528294,0.9332852109255959,1.0,12.2,0.26828360146972124
ORuVuFPU5idz3fMoXTGsbwToW2j2,7.954545454545454,0.052250645853975,0.6396507616038368,0.3603492383961631,0.947749354146025,3035.969216352423,1491.3766653606392,1544.5925509917836,7,88,1.75,20.25,0.0,480.8811670184012,424.79477756373404,0.27765780797985723,19.318181818181817,0.09999999999999855,0.41176470588234737,0.5882352941176527,0.9000000000000015,2.4285714285714284,8.875,0.4908038813090126
ORvIk1xRWIQmKuLVe6GXNouvAXx2,29.7029702970297,0.1279320259556128,0.29041964898094935,0.7095803510190507,0.8720679740443873,4610.780367592861,1659.2670962622462,2951.5132713306148,15,101,3.75,8.875,0.25,2917.2115364790443,459.4582412080761,0.6083265295165263,23.762376237623762,0.1710526315789471,0.5416666666666662,0.4583333333333338,0.828947368421053,1.8461538461538463,5.5,0.548325374157256
P8mTl71XaYNvFMTCvlKpzzUdc9W2,2.5,0.012987012996986718,1.0,5.447208444806023e-26,0.9870129870030133,6169.54999862368,1221.1166666544639,4948.433331969216,3,80,1.0,39.0,0.0,540.8499999940395,441.97424551605644,0.11690684913753106,15.0,0.11940302813280386,0.7499988423858251,0.2500011576141749,0.8805969718671961,1.3333333333333333,7.555555555555555,0.42270908780599087
P9bS6GGJcIXivbMWo4ibJ5jgUPG2,4.411764705882353,0.03335192445457173,0.9999999999999799,2.0211538139043295e-14,0.9666480755454283,4741.982160426947,1288.7169166534081,3453.265243773539,5,68,1.0,21.666666666666668,0.0,979.594522705821,379.6571957775898,0.18081639033462518,91.17647058823529,1.0,0.09836065573770561,0.9016393442622944,6.4e-323,8.857142857142858,1.0,0.2984358127031066
PLreonkqaMeFc0UqxKUelH44UQu1,1.0416666666666665,0.010638297872339412,1.0,0.0,0.9893617021276606,39003.09999999404,1493.2073684218683,37509.89263157217,2,96,1.0,47.5,0.0,0.0,1668.6773330202457,0.05790751748813433,22.916666666666664,0.19178082191780133,0.6818181818181901,0.31818181818180996,0.8082191780821986,1.4666666666666666,4.933333333333334,0.5382674532283414
PXesLO51qlY7lJBrLdOAZiHmUR72,28.125,0.16996498673440932,0.3634713863206559,0.6365286136793441,0.8300350132655907,7707.7589421424755,2765.640023918821,4942.118918223654,23,128,3.0,7.666666666666667,0.16666666666666666,3435.7419108982504,1562.0629242222137,0.5941300227248385,54.6875,0.49999999999999906,0.42028985507246275,0.5797101449275373,0.5000000000000009,2.3333333333333335,2.0,0.6887461892700277
PkpTH7pWpEOG9A86xSloOSozwTk2,3.90625,0.0424548351639003,0.9999989236130307,1.0763869692926338e-06,0.9575451648360997,39650.0706254071,2882.5652880317857,36767.50533737531,10,128,1.0,20.5,0.0,28404.132034029495,1481.9875867575488,0.1649531914744777,47.65625,0.3787878787878731,0.42622950819671995,0.57377049180328,0.6212121212121269,2.3461538461538463,2.576923076923077,0.6920481450620646
QG6VXg7od2fHJ1SF9ZzYBqUa1FY2,6.756756756756757,0.093634582124554,0.9999970805603396,2.9194396603258216e-06,0.9063654178754459,2593.7615005770062,994.711890919726,1599.0496096572801,10,74,1.0,11.5,0.0,1032.975338718796,339.47083012126836,0.24730106105036703,13.513513513513514,0.09523809523809476,0.6999999999999995,0.30000000000000054,0.9047619047619052,1.4285714285714286,9.142857142857142,0.3960330896236365
QbOEVCaZLUMOgltUdXm58oZOALv2,10.0,0.11338612231713427,0.9999999787053556,2.1294644351492447e-08,0.8866138776828657,4070.2395207025656,1674.2811217900876,2395.958398912478,19,100,1.0,9.0,0.0,1488.5435502117198,408.95201128632425,0.3250829733914482,24.0,0.18666666666666626,0.5833333333333359,0.416666666666664,0.8133333333333337,1.7142857142857142,5.066666666666666,0.5510799280869728
Qg9GDwQ9hBNkDLt50CNLd4NqRlX2,15.942028985507244,0.15675780826643834,0.7752794037219479,0.22472059627805213,0.8432421917335616,5752.055558870274,1769.31856897173,3982.7369898985435,17,69,1.2222222222222223,6.444444444444445,0.0,3137.7857534638233,583.9181818447098,0.438707336300529,11.594202898550725,0.09999999999999946,0.7499999999999982,0.25000000000000183,0.9000000000000005,1.3333333333333333,8.714285714285714,0.35876102564058293
QreA2rLiUhV3YHeMfuHMPdGbpJ53,10.526315789473683,0.1263811017839996,0.9999999999999992,7.979985387225794e-16,0.8736188982160004,2532.9501075849125,1293.0933354523534,1239.8567721325592,19,95,1.0,8.5,0.0,792.1490193785116,289.0599113034099,0.336495757583516,22.105263157894736,0.12328767123287683,0.47619047619047805,0.5238095238095221,0.8767123287671231,2.1,7.4,0.5282370169763256
Rc706mP0TSeIoIpMYH1SpRXjOxA2,3.278688524590164,0.020758998246456033,0.9999999999995418,4.581486630638854e-13,0.979241001753544,10077.307134892439,1608.3157266694793,8468.991408222959,3,61,1.0,29.5,0.0,5379.849999904633,587.0996682057116,0.14430003545925657,1.639344262295082,0.016949152542372826,1.0,0.0,0.9830508474576272,1.0,30.0,0.08364970461058928
Rmd4rr2vGjOoLvdfYd4EdYyxK3m1,14.814814814814813,0.09050978859995981,0.5662278222050026,0.4337721777949974,0.90949021140004,5674.035654432406,1463.5553202778417,4210.480334154564,11,81,2.0,11.5,0.16666666666666666,2846.4622521007855,565.9813059386279,0.4194833693061807,13.580246913580247,0.11594202898550704,0.8181818181818172,0.18181818181818274,0.884057971014493,1.2222222222222223,7.777777777777778,0.3972699578300042
Ru3Qf6pXZua1DfNkQdhbor6iJ403,9.30232558139535,0.12047396576388239,0.9994984976948368,0.0005015023051632802,0.8795260342361176,5852.528030026508,1769.0353611395055,4083.492668887002,15,86,1.0,9.75,0.0,3164.358872045581,775.067139796042,0.3094772867741259,15.11627906976744,0.11111111111111166,0.6153846153846075,0.3846153846153926,0.8888888888888883,1.625,8.11111111111111,0.42472077473219927
SOhR7IO689NQCPQu56SjATO8FR92,7.000000000000001,0.04423007583575397,0.7169428097001957,0.28305719029980425,0.9557699241642461,4000.9195832008354,1280.0021838894204,2720.917399311415,9,100,1.4,18.6,0.0,516.5513298080642,383.65489775160705,0.25363894692169137,28.999999999999996,0.1571512979689549,0.4137985300448584,0.5862014699551417,0.8428487020310451,2.4166666666666665,5.916666666666667,0.60215168259268
SPCT9D90pRa1ihXS5jEw6vCmquI3,35.15625,5.895790866546571e-07,0.02214522076243704,0.9778547792375629,0.9999994104209133,4672.4104763460555,935.9335695239562,3736.4769068220994,1,128,45.0,83.0,1.0,4353.706049361099,287.042649230776,0.6484085257416328,25.78125,0.22340425531914435,0.6363636363636335,0.36363636363636664,0.7765957446808557,1.5714285714285714,4.318181818181818,0.5707564027442638
SpSfX0ZcfcPLdlOENlfdfvEPwru2,31.944444444444443,0.14981320754887378,0.3262832200888463,0.6737167799111536,0.8501867924511262,1929.3003512164144,961.9534521579387,967.3468990584756,13,72,3.2857142857142856,7.0,0.14285714285714285,881.7370637142228,181.13656168072885,0.6264499860467339,13.88888888888889,0.08198458619091778,0.6000343770754079,0.3999656229245922,0.9180154138090822,1.6666666666666667,10.333333333333334,0.40294135786694235
SvtOrPatsnWjicxtyndEzSdO5Wp1,29.069767441860467,0.16497915227810173,0.3574754772447165,0.6425245227552835,0.8350208477218983,3171.6269343319614,1351.3783151888324,1820.248619143129,19,86,2.5,6.1,0.1,1226.8399948124447,359.6229003904753,0.6027751876921472,19.767441860465116,0.16176470588235306,0.7058823529411771,0.294117647058823,0.8382352941176469,1.4166666666666667,5.75,0.49716153269343133
ToTCRJ4EX9OL6UlJqmDkaEbggWF2,1.282051282051282,0.0,1.0,0.0,1.0,16379.5,1604.1051948070526,14775.394805192947,1,78,1.0,77.0,0.0,0.0,894.6327990667389,0.06859321793659609,14.102564102564102,0.09090909090909127,0.6363636363636355,0.3636363636363646,0.9090909090909088,1.5714285714285714,9.571428571428571,0.40682096130527384
UK6MLdHbCaS4xIz2f3vGdpkbBzG3,32.8125,0.04943870510136546,0.09540238718385376,0.9045976128161461,0.9505612948986345,1546.438608124359,698.3729997081659,848.0656084161931,8,128,8.4,21.5,0.4,882.72731911492,81.05523812897677,0.6328428307500615,8.59375,0.06896551724136817,0.7272727272727075,0.27272727272729247,0.9310344827586319,1.375,13.0,0.2930365266374333
Ub7nV8F55kPruh35ZpUcKoBUyn63,46.913580246913575,0.20122493215561646,0.24678596349428858,0.7532140365057113,0.7987750678443836,2107.8284308494476,1035.2829767877956,1072.545454061652,13,81,5.428571428571429,6.142857142857143,0.42857142857142855,929.7977724045924,175.36259723552777,0.6912407714079222,17.28395061728395,0.12121212121211936,0.6428571428571472,0.3571428571428528,0.8787878787878806,1.5555555555555556,7.444444444444445,0.46036016561307647
UbqFccqQZZgcqJIqCn3ErH9zQdM2,2.2222222222222223,0.014445538218256873,1.0,1.2275297525633524e-18,0.9855544617817431,3451.696420696287,1439.7860568490746,2011.9103638472125,3,90,1.0,44.0,0.0,736.9500000476837,370.33093431621376,0.10656595882801999,22.22222222222222,0.1449275362318845,0.5499999999999966,0.4500000000000034,0.8550724637681155,1.8181818181818181,6.363636363636363,0.5297061990576545
UbwuSMtBsHdW3Ji41opk3GInMqi2,1.2987012987012987,0.0,1.0,0.0,1.0,7023.800000000745,1021.7947368421837,6002.005263158561,1,77,1.0,76.0,0.0,0.0,351.8053491017063,0.0693153717009415,11.688311688311687,0.10447761194029778,0.8888888888888893,0.11111111111111074,0.8955223880597023,1.125,8.5,0.36066847187964196
VwTymW8T68MfpnJvZ2X97ILqDWS2,39.50617283950617,0.1972503464715772,0.2997709022924431,0.7002290977075569,0.8027496535284229,1858.8701094036132,1127.0079801077534,731.8621292958599,15,81,4.0,6.125,0.375,487.425280166395,152.32778200183574,0.6709584942155011,16.049382716049383,0.11940298507462635,0.6153846153846152,0.3846153846153848,0.8805970149253737,1.625,7.555555555555555,0.44048785098138654
WKzqsLX1lNVSdbGgYTTVGtFwsrF3,20.454545454545457,0.18670772683690062,0.6147541685091751,0.38524583149082503,0.8132922731630994,3575.388628783289,1381.5121286290973,2193.8765001541915,23,88,1.5,5.833333333333333,0.0,1762.103383270493,408.18499732452915,0.5066395578238191,7.954545454545454,0.08750000000000141,1.0,0.0,0.9124999999999986,1.0,10.125,0.27765780797985723
WbOfW9KmUkPQK8o5hlHJnJFdpp92,7.142857142857142,0.06012184719450894,0.7017150065188951,0.29828499348110504,0.939878152805491,3139.9682708770342,1459.231122469837,1680.7371484071973,9,98,1.4,18.2,0.0,1365.5442932170254,392.4054487976874,0.25731864054383163,17.346938775510203,0.11250000000000067,0.5882352941176396,0.4117647058823603,0.8874999999999993,1.7,8.1,0.46134494420706973
WcTsIpSoEhYeIBSNjAbbdaNSBya2,6.382978723404255,0.017564281716610106,0.2981968080561741,0.7018031919438259,0.9824357182833898,3081.2326462868436,1643.5225889595688,1437.7100573272749,3,94,3.0,44.0,0.5,982.225095836663,392.79994268702734,0.2373777983396794,21.27659574468085,0.1506849315068503,0.5500000000000005,0.44999999999999957,0.8493150684931496,1.8181818181818181,6.166666666666667,0.5175983740977871
WeHQDy9BWldTlaQDVVlsJNCqwxA2,16.822429906542055,0.13565581999362764,0.5329511176652298,0.4670488823347701,0.8643441800063723,2005.5325836046306,1166.5922496082924,838.9403339963383,19,107,1.8,8.9,0.0,590.915592664742,237.68566680070052,0.45305940877693973,24.299065420560748,0.17500000000000687,0.5384615384615435,0.4615384615384565,0.8249999999999932,1.8571428571428572,5.4,0.5545027455177373
Wfo71fsX1VVfPZnzhT7HEYBTwnq1,1.3888888888888888,0.014285714285718896,1.0,0.0,0.9857142857142811,8131.799999713898,1301.7507042078905,6830.049295506007,2,72,1.0,35.5,0.0,0.0,655.9182465356666,0.07319012915586921,16.666666666666664,0.08474576271186507,0.4999999999999976,0.5000000000000023,0.9152542372881349,2.0,10.0,0.45056120886630463
WnC6Uscb5VMIr43GASKiUCO3AYH2,17.56756756756757,0.03640797922648199,0.23621847505271523,0.7637815249472847,0.963592020773518,3012.740565633197,990.8433135457183,2021.8972520874788,5,74,4.333333333333333,20.333333333333332,0.3333333333333333,1528.7497493327658,256.9839138273301,0.4647725612910351,14.864864864864865,0.12903225806451638,0.8181818181818148,0.18181818181818515,0.8709677419354835,1.2222222222222223,7.0,0.42035785315756663
WqoZv41KTtTCuPKBPyClregrKAi1,40.44943820224719,0.30068792992088733,0.3528700581377545,0.6471299418622455,0.6993120700791127,2009.927996531105,1127.2499022278066,882.6780943032984,27,89,2.5714285714285716,3.7857142857142856,0.21428571428571427,699.9909435040336,192.51650629900263,0.6747919517244723,84.26966292134831,0.7142857142857174,0.13513513513513667,0.8648648648648635,0.2857142857142826,6.818181818181818,1.4,0.4351710761384668
XbHvBButpZS4bapbJXJLAYcHnn12,37.5,0.23456163538881258,0.29214953911353053,0.7078504608864694,0.7654383646111874,3006.871877004296,1571.1188204749697,1435.7530565293264,33,128,2.823529411764706,4.705882352941177,0.17647058823529413,891.5137036146261,363.37467811303867,0.6615632381579821,37.5,0.2784810126582271,0.45833333333332743,0.5416666666666726,0.7215189873417728,2.1818181818181817,3.4782608695652173,0.6615632381579821
XehZHBpwr5MYzUXkj0FAYCsFG922,2.608695652173913,0.021352573076480183,0.9943562158359677,0.005643784164032299,0.9786474269235198,5669.440948724549,1326.901182895583,4342.539765828967,5,115,1.0,37.333333333333336,0.0,2487.9641972230165,464.8164216261394,0.12086508096277249,27.82608695652174,0.18292683068530155,0.49999998915923355,0.5000000108407664,0.8170731693146984,2.0,5.1875,0.5913032645657815
YEU5ox3jteVINfdSTg5ymqYcS9o2,23.52941176470588,0.08924878025430306,0.32071747090882613,0.6792825290911739,0.910751219745697,3348.721188968835,1224.5133067302324,2124.207882238603,9,68,3.2,10.4,0.2,1312.9334766165978,332.8601273646181,0.5455945739691843,10.294117647058822,0.050000000000000065,0.5714285714285721,0.428571428571428,0.95,1.75,15.25,0.33149775285317756
Yco8O7tmHlbsUBfKW2ywcZByGO32,18.181818181818183,0.17935914502432124,0.7718003988929667,0.22819960110703336,0.8206408549756787,3626.841915887889,1129.0189106368573,2497.8230052510316,19,66,1.2,5.4,0.0,2190.2637464637487,344.9887290712572,0.47413931305783735,4.545454545454546,0.04838709677419216,1.0,0.0,0.9516129032258078,1.0,15.75,0.18490739916777568
YzmMCD3ZmzbWlV4pTQ6hvDdnuMk2,2.380952380952381,1.1959800610488933e-114,0.5000000000000008,0.4999999999999991,1.0,5954.800000011921,1643.339024388936,4311.460975622985,1,84,2.0,82.0,0.0,181.80000001192093,504.7042835572034,0.11251593411963928,21.428571428571427,0.12307692307692392,0.4999999999999985,0.5000000000000014,0.8769230769230761,2.0,7.333333333333333,0.5195798391305154
Z3GikGkUkjMOa6UK1xdIDvuGRHp2,1.1494252873563218,0.0,1.0,0.0,1.0,8414.900000095367,1399.091860474542,7015.808139620825,1,87,1.0,86.0,0.0,0.0,511.73912531565577,0.0627602166108864,10.344827586206897,0.11688311688311692,1.0,0.0,0.8831168831168831,1.0,7.8,0.3325942143118925
ZEd5KGl23wS7rvzDkxzgqmCgLaC3,10.0,0.07359019075408738,0.7403004332650769,0.25969956673492317,0.9264098092459125,2727.2432440160615,1297.2780213431104,1429.965222672951,11,80,1.3333333333333333,12.0,0.0,625.9277554236808,258.9788546458843,0.3250829733914482,86.25,0.8181818181818251,0.11764705882353016,0.8823529411764699,0.1818181818181749,7.666666666666667,1.2222222222222223,0.40039917444896944
aM2995jJmJWvr6cneaGH58HauIg2,24.137931034482758,0.1039199216658297,0.33486748837318864,0.6651325116268114,0.8960800783341704,1620.5313261620313,933.2752901462565,687.2560360157748,13,87,3.0,9.428571428571429,0.14285714285714285,366.5491598358413,151.80888119880058,0.5526646224944003,16.091954022988507,0.1111111111111106,0.5714285714285721,0.42857142857142805,0.8888888888888895,1.75,8.11111111111111,0.44119154602876565
afdTz6deeYWf1qKNdUpKAYKN3hz1,14.84375,0.17168596726681312,0.5655818374076069,0.434418162592393,0.8283140327331868,6016.194189290162,3121.7222549805056,2894.4719343096567,26,128,1.4615384615384615,7.785714285714286,0.0,1862.4647398983182,1171.260181691034,0.41998917198884345,63.28125,0.45652173913042915,0.27160493827159843,0.7283950617284015,0.543478260869571,3.6818181818181817,2.1363636363636362,0.6574418357255525
aj2Ivskb3BgyvBNTLIKlSZG0Sq22,7.563025210084033,0.07847348044224879,0.9971486603458855,0.0028513396541146076,0.9215265195577512,2304.9648082457625,1014.8153084657581,1290.1494997800044,17,119,1.0,12.222222222222221,0.0,394.66920324234746,255.51805187193366,0.26796499367294313,79.83193277310924,0.7083333333333302,0.1808510638297736,0.8191489361702263,0.2916666666666699,5.277777777777778,1.411764705882353,0.5027235214274783
asKxydfXDkZAk89VaD4hwVovkzJ3,9.876543209876543,0.05523462741135341,0.6257885191400892,0.37421148085991085,0.9447653725886467,2708.124239980228,1337.0729450165393,1371.0512949636889,9,81,1.6,14.6,0.0,119.30441892470893,344.52829060171626,0.32236185174316423,13.580246913580247,0.11594202898550857,0.7272727272727326,0.2727272727272674,0.8840579710144914,1.375,7.777777777777778,0.3972699578300042
azdL1gX79EVd9iepyCAVQrqIaQF3,12.345679012345679,0.09206929045497925,0.6714045801271482,0.32859541987285174,0.9079307095450208,2806.173893389429,1210.3150087821462,1595.8588846072828,13,81,1.4285714285714286,10.142857142857142,0.0,657.595735691863,272.89612043614443,0.3737562880073295,14.814814814814813,0.1176470588235286,0.750000000000003,0.249999999999997,0.8823529411764715,1.3333333333333333,7.666666666666667,0.4194833693061807
bXpFswkI7TfIfL6G4FqWrbaxTGx2,30.0,0.13638086213621806,0.32458661931362887,0.6754133806863712,0.863619137863782,1491.7957031059436,832.6605155404064,659.1351875655372,15,90,3.375,7.875,0.375,351.4217512764838,156.00326737150885,0.6108643020548935,16.666666666666664,0.12162162162162135,0.6000000000000014,0.3999999999999986,0.8783783783783786,1.6666666666666667,7.5,0.45056120886630463
biQ16yPcCKSkJQhSxUKcDc8gm8I2,8.59375,0.09558192150587558,0.9999999999999641,3.585511566338896e-14,0.9044180784941244,3254.3882378844837,1606.6503742786958,1647.7378636057879,21,128,1.0,10.636363636363637,0.0,288.27258022241176,492.8633760648594,0.2930365266374333,25.0,0.2395833333333379,0.7096774193548315,0.29032258064516847,0.7604166666666621,1.391304347826087,4.173913043478261,0.5623351446188083
btpcu1rB1JeSTo2upeHGPdv8kYG3,20.0,0.20248121222152146,0.7773492395521274,0.22265076044787263,0.7975187877784785,3601.2006512350417,1164.2370274986095,2436.963623736432,21,70,1.2727272727272727,5.090909090909091,0.0,2307.951777844131,289.54970157782185,0.5004024235381879,12.857142857142856,0.10000000000000055,0.7777777777777773,0.22222222222222274,0.8999999999999995,1.2857142857142858,8.714285714285714,0.38366200046938814
c0hRe9PCPPZs3HWFqhIQargNlp52,17.647058823529413,0.09842140882671117,0.45208954986681504,0.547910450133185,0.9015785911732889,2574.69460262897,1280.3258005903979,1294.3688020385723,13,85,2.142857142857143,10.0,0.0,727.7272720538524,309.1115801673721,0.4659992569610426,15.294117647058824,0.1126760563380282,0.6153846153846195,0.38461538461538053,0.8873239436619718,1.625,8.0,0.42777711277083463
c8BtRUVPPPZHjyhX2rn702NoUld2,12.5,0.0927205684641199,0.6600802123209789,0.33991978767902115,0.9072794315358802,4048.601390630999,1110.018031629356,2938.5833590016427,15,96,1.5,10.5,0.0,2819.5486889056438,272.8774807827921,0.37677016125643675,19.791666666666664,0.1578947368421062,0.6842105263157877,0.31578947368421223,0.8421052631578938,1.4615384615384615,5.923076923076923,0.4975007113960026
cC0BEsQjfrcuCyoaOas9zJT0MNs2,15.833333333333332,0.15614194893104352,0.6750154661175739,0.3249845338824261,0.8438580510689565,1686.1283250733445,1003.6108553220535,682.5174697512911,25,120,1.4615384615384615,7.769230769230769,0.0,449.8698410361667,175.9524440229643,0.4368958027392995,29.166666666666668,0.1785714285714303,0.4285714285714263,0.5714285714285737,0.8214285714285697,2.3333333333333335,5.3125,0.6036372515003262
cEIs6U87xfbSL5eFTXDK77MmvNf1,7.766990291262135,0.055934820827907794,0.6696338443881606,0.33036615561183946,0.9440651791720922,4526.028761062776,1260.6876196511503,3265.3411414116254,9,103,1.6,19.0,0.0,2495.8912399598,374.3083652631214,0.27304125002099433,15.53398058252427,0.10465116279069572,0.6250000000000048,0.3749999999999952,0.8953488372093042,1.6,8.7,0.4318607758142447
cUugYJoOmOSFc0Mh5JD0ZXJrYN52,25.210084033613445,0.22986961713416987,0.5898416266595018,0.4101583733404982,0.7701303828658301,2597.7601449080958,922.2136191509464,1675.5465257571493,39,119,1.5,4.45,0.0,1525.9322601689007,239.44900512409524,0.5646314060861083,15.966386554621847,0.14141426997495582,0.7894704446902929,0.21052955530970704,0.8585857300250442,1.2666666666666666,6.666666666666667,0.43911207123781926
cec6NLR2ZLVVw6h0TEKSNIH11v02,4.6875,0.057079266380053645,0.9999997555194788,2.444805212410774e-07,0.9429207336199463,3458.365674029065,1424.3809505887355,2033.9847234403294,11,128,1.0,20.333333333333332,0.0,1410.1755061180804,407.97965006151287,0.18920898053816695,40.625,0.33333333333333104,0.5000000000000019,0.4999999999999981,0.666666666666669,2.0,2.923076923076923,0.6754645824509031
cfoKz0AGhvYmW0DJmVKAZ01jh752,19.480519480519483,0.11788965651032761,0.40858113056652673,0.5914188694334732,0.8821103434896724,1396.5848018179652,872.261274124132,524.3235276938332,9,77,3.0,12.4,0.2,381.4046345925923,185.16827297504747,0.4931160077065562,14.285714285714285,0.12307692307692189,0.8181818181818105,0.1818181818181895,0.876923076923078,1.2222222222222223,7.333333333333333,0.410116318288409
d9rwc0NXArcNlJvFsgKhQqkGxJq2,26.136363636363637,0.31822146967306675,0.816953441664194,0.18304655833580596,0.6817785303269333,2934.0719532444523,1167.195972667632,1766.8759805768202,39,88,1.15,3.25,0.0,1294.5014453282388,286.961052038494,0.574478410960174,13.636363636363635,0.10666666666666758,0.6666666666666682,0.3333333333333318,0.8933333333333324,1.5,8.444444444444445,0.39830711380528416
dnkEqKuvjoQzAQm5yXlrAOp9ZlD3,28.767123287671232,0.1670780079810071,0.42443105616369103,0.5755689438363089,0.832921992018993,5495.394277400314,1546.4428900605037,3948.951387339811,17,73,2.3333333333333335,5.777777777777778,0.1111111111111111,3569.3912641982333,251.89341827215017,0.6000533513069376,15.068493150684931,0.09836065573770505,0.6363636363636365,0.3636363636363635,0.901639344262295,1.5714285714285714,8.857142857142858,0.4238953332911617
e7NIVznoeNMC7bBejXnMVvFNPfx1,18.421052631578945,0.13913303714247352,0.6128923811887956,0.3871076188112043,0.8608669628575265,5575.255197609809,1156.9445244362446,4418.310673173564,17,76,1.5555555555555556,6.888888888888889,0.0,4688.069769622808,369.5529332567233,0.47771841282041927,19.736842105263158,0.08333333333333509,0.4000000000000064,0.5999999999999936,0.916666666666665,2.5,10.166666666666666,0.4967325675086318
fEL2NrgSd4MmDtLCAcMvCJQXTME2,3.7037037037037033,0.040502759042736515,0.9999999999998885,1.114704103509248e-13,0.9594972409572635,3791.1372947837417,1677.5693167071524,2113.5679780765895,5,81,1.0,26.0,0.0,1332.3195971279565,492.6253549533158,0.15841057013179086,14.814814814814813,0.11764705882352988,0.7499999999999941,0.25000000000000583,0.8823529411764701,1.3333333333333333,7.666666666666667,0.4194833693061807
fEq0OghbLpfD1jigl1Mbz96aMbg2,1.1363636363636365,0.011627906976743386,1.0,0.0,0.9883720930232566,9295.39999999106,1305.5666666659472,7989.833333325112,2,88,1.0,43.5,0.0,0.0,567.8339741700535,0.06217765171742484,23.863636363636363,0.1666666666666649,0.5238095238095248,0.4761904761904752,0.833333333333335,1.9090909090909092,5.583333333333333,0.5495029884397222
foaW7wtvY3XLNdguFUK7OvOefP93,7.792207792207792,0.08195593493828487,0.9999480711989782,5.192880102184208e-05,0.9180440650617152,3538.594832560195,1149.6310461688968,2388.963786391298,11,77,1.0,11.833333333333334,0.0,1262.610521895094,339.2938772683016,0.27366479736924587,88.31168831168831,0.8888888888888885,0.11940298507462598,0.880597014925374,0.11111111111111144,7.555555555555555,1.125,0.36066847187964196
g2G9l3no7RbeRA9a1W3JnfegTnh2,4.9504950495049505,0.012782428131903669,0.41036270107173806,0.589637298928262,0.9872175718680964,5251.050541278865,1267.7749851350031,3983.275556143862,3,101,2.5,48.0,0.0,2261.3259105733446,500.0727595287261,0.19705501245430126,78.21782178217822,0.6363636363636409,0.17948717948717985,0.8205128205128203,0.363636363636359,5.266666666666667,1.5714285714285714,0.524137206754352
h12a1QYNpYbl3T0Gj1PxUz3EnEx2,30.555555555555557,0.20996363638110788,0.3822902819483438,0.6177097180516562,0.7900363636188921,2926.591263028764,1421.4975961547068,1505.0936668740571,19,72,2.2,5.0,0.1,1264.5967483551144,342.4060916514105,0.615498282275913,11.11111111111111,0.09523809523809534,0.749999999999997,0.2500000000000031,0.9047619047619047,1.3333333333333333,9.142857142857142,0.34883209584303193
h52Mz0cZjnOsmXT02EgU3JzzRKs2,18.571428571428573,0.07616409762458858,0.3675666032183499,0.6324333967816501,0.9238359023754115,2454.1371932296065,914.7650914042836,1539.372101825323,7,70,3.25,14.25,0.25,1002.5581534277973,222.67614357707114,0.47994861471265415,8.571428571428571,0.06349206349206221,0.6666666666666683,0.33333333333333176,0.9365079365079378,1.5,12.8,0.2925084684723972
h5RYP03wJuVN0xo7qAR8CKFxLaj1,15.873015873015872,0.19319586650894563,0.999992388488244,7.611511755942798e-06,0.8068041334910543,3600.93745497759,1297.1697785641106,2303.7676764134794,39,126,1.0,5.3,0.0,1254.3235114579948,404.5896875930461,0.43755818118196266,34.92063492063492,0.22222222222221533,0.4318181818181855,0.5681818181818145,0.7777777777777847,2.3157894736842106,4.315789473684211,0.6469539532366189
hOrA1ssI5vaeeeXRJhtjrGrqHQn1,33.78378378378378,0.2939232694216702,0.4039243304803283,0.5960756695196717,0.7060767305783298,1876.9159660879766,1010.1684604361191,866.7475056518575,22,74,2.0833333333333335,4.454545454545454,0.08333333333333333,496.01498148342796,241.08242930089204,0.639590900918687,90.54054054054053,1.0,0.10606060606060741,0.8939393939393925,0.0,8.375,1.0,0.31304108587198165
hrRr560eFBNwJ0CcUjCqtSD8TdP2,27.906976744186046,0.13576870210535813,0.3570648665008486,0.6429351334991514,0.8642312978946418,1832.2781601455408,890.1634237159104,942.1147364296304,15,86,3.0,7.75,0.375,534.0379351999276,175.64384483647467,0.5920726008913406,15.11627906976744,0.12499999999999861,0.6923076923076947,0.3076923076923054,0.8750000000000013,1.4444444444444444,7.3,0.42472077473219927
htPWXDgfuheOJbl6ihHore9XuDp2,1.2345679012345678,0.0,1.0,0.0,1.0,6337.299999237061,1469.696249938011,4867.603749299049,1,81,1.0,80.0,0.0,0.0,592.4634767904703,0.06652161425379031,14.814814814814813,0.14705882352941366,0.8333333333333348,0.16666666666666521,0.8529411764705863,1.2,6.2727272727272725,0.4194833693061807
i1bdbtLuM9UR71xKs8yOhuCwJ9o1,8.333333333333332,0.0872577659517307,0.9989199480988995,0.0010800519011005436,0.9127422340482693,3687.798615350814,1519.880391651715,2167.918223699099,11,72,1.0,11.0,0.0,499.2243809162723,474.66931135657006,0.2868359830561607,13.88888888888889,0.11475409836065664,0.6999999999999983,0.3000000000000017,0.8852459016393434,1.4285714285714286,7.75,0.40294135786694235
i1tBstVkNiVP0qro7TgGD08IGGa2,10.0,0.08743680486412349,0.6318890244321758,0.3681109755678242,0.9125631951358765,3534.44370931151,1774.1686998739624,1760.2750094375474,7,80,2.0,18.0,0.0,1279.8804625908397,553.9277374211056,0.3250829733914482,13.750000000000002,0.11764705882352879,0.727272727272723,0.272727272727277,0.8823529411764713,1.375,7.666666666666667,0.40039917444896944
iKVZi0Oo96UrMBhPQMHWFcf55uA3,13.23529411764706,0.10219523071338764,0.6869934126770529,0.3130065873229471,0.8978047692866123,3080.4523412646295,1471.646408746124,1608.8059325185054,11,68,1.5,9.833333333333334,0.0,1076.0127471823162,310.5121696915726,0.3908351994928211,11.76470588235294,0.06779661016949179,0.625,0.37500000000000006,0.9322033898305082,1.6,12.0,0.362210557135449
iWsc4pghIEWOQUZKuQJMfe516UI3,1.25,0.0,1.0,0.0,1.0,12569.5,1184.556962023053,11384.943037976947,1,80,1.0,79.0,0.0,0.0,955.4912326246937,0.06719688036269783,15.0,0.11940298517719027,0.7499999964030412,0.25000000359695884,0.8805970148228097,1.3333333333333333,7.555555555555555,0.42270908780599087
iZScIvzhvAdvlsBXU5D8IHwvG6Q2,0.7936507936507936,0.008064516129040666,1.0,0.0,0.9919354838709593,54090.10000002384,3687.3655999965667,50402.73440002727,2,126,1.0,62.5,0.0,0.0,3667.908302673451,0.04628811994522685,34.12698412698413,0.2073170735792003,0.39534883845034385,0.6046511615496561,0.7926829264207996,2.5294117647058822,4.611111111111111,0.6418741655075033
iZX3U88SSqYAtT564nBPgHUBsei1,1.9230769230769231,0.009900916296517412,1.0,7.608663348009401e-109,0.9900990837034825,3135.2504327111947,1216.4981695760832,1918.7522631351114,3,104,1.0,51.0,0.0,117.25,319.36464129995585,0.09503011725564635,79.8076923076923,0.6190476190476252,0.1585365853658551,0.8414634146341449,0.3809523809523748,5.928571428571429,1.6153846153846154,0.5030568449172427
idP8RVfm74N86O0dszLXANIpjXv2,4.054054054054054,0.02857158756011746,1.0,2.173881467104982e-37,0.9714284124398825,4642.160367910923,1446.4251312439812,3195.735236666942,5,74,1.0,23.666666666666668,0.0,323.80185642830605,406.13069453774085,0.16965822650230866,12.162162162162163,0.09374999999999986,0.7777777777777855,0.2222222222222145,0.9062500000000001,1.2857142857142858,9.285714285714286,0.3701435561873807
iv9ew8Ci8lOzvXFiJw1acJfuRAl2,25.31645569620253,0.15137095025860975,0.43430618386874253,0.5656938161312576,0.8486290497413903,3381.238179564161,1345.5548757881097,2035.6833037760512,17,79,2.2222222222222223,6.555555555555555,0.2222222222222222,1541.4840535990106,359.2255866723289,0.5657851352326257,24.050632911392405,0.10224825348124264,0.3693574367519623,0.6306425632480378,0.8977517465187573,2.7142857142857144,8.571428571428571,0.5516628608532441
jpklrtZKDdb3UbsoQ7Ho5KuR5yb2,6.25,0.066053517296074,0.9999690971016906,3.0902898309495085e-05,0.933946482703926,5001.157602855188,2087.632788768667,2913.524814086521,7,64,1.0,15.0,0.0,1209.5830467217913,618.5956437217562,0.2337916587064593,6.25,0.033898305084745645,0.7499999999999982,0.2500000000000018,0.9661016949152543,1.3333333333333333,20.0,0.2337916587064593
jzdk8E3tVXTXIozlfK5oeEb7wWp2,1.282051282051282,0.0,1.0,0.0,1.0,3969.5,1276.609090916522,2692.8909090834777,1,78,1.0,77.0,0.0,0.0,280.17569172166714,0.06859321793659609,89.74358974358975,0.7500000000000027,0.08695652173912992,0.91304347826087,0.24999999999999734,10.0,1.3333333333333333,0.3306806308319787
k8j7IpYfd8dYB0L1qyLCcrwoFOy1,16.831683168316832,0.17198584330528863,0.7386986667830416,0.2613013332169583,0.8280141566947115,3921.423547105995,1398.5150845398525,2522.9084625661426,25,101,1.3076923076923077,6.461538461538462,0.0,2383.29083720562,386.0961991049967,0.45320726979379394,11.881188118811881,0.09090909094772771,0.7499999996549122,0.2500000003450879,0.9090909090522723,1.3333333333333333,9.88888888888889,0.3645510445282253
kI0YdycDU0X5hcoEPjEON3Ionyd2,2.2988505747126435,0.01190476190476237,1.0,3.2746407062725958e-211,0.9880952380952376,10751.850000023842,1619.784705883615,9132.065294140226,3,87,1.0,42.5,0.0,218.94999998807725,821.9823845982758,0.10945235816266657,18.39080459770115,0.10000013221524351,0.4999975619975877,0.5000024380024122,0.8999998677847564,2.0,8.875,0.47726799422044697
kR2rCtaPyPaj7YMizKUDn5xL2qx1,5.952380952380952,0.06224660573421112,0.999996378844827,3.621155173027678e-06,0.937753394265789,3790.970514916272,1189.1918962359025,2601.7786186803696,9,84,1.0,15.8,0.0,1379.7762378009231,452.63967165261244,0.22565525233063266,16.666666666666664,0.11594202898550725,0.6428571428571431,0.35714285714285676,0.8840579710144927,1.5555555555555556,7.777777777777778,0.45056120886630463
kgSRatooJJfDaMZ2yIURqb8aJuE3,23.88059701492537,0.20260374737895914,0.5764661167508736,0.4235338832491264,0.7973962526210409,2422.4821932928085,1019.421467841177,1403.0607254516315,21,67,1.4545454545454546,4.636363636363637,0.0,1232.3975289390849,235.345105521756,0.5496996817077255,8.955223880597014,0.03333333333333369,0.5,0.5,0.9666666666666663,2.0,20.333333333333332,0.30150064133215543
kxerHPSL3bQjD74HhiebYf3blPr1,39.130434782608695,5.199196091009818e-06,0.022205273134170755,0.9777947268658292,0.999994800803909,1019.9744267264326,223.6114587829545,796.3629679434781,1,115,45.0,70.0,1.0,495.27041323121875,108.29572513090982,0.6693279632926454,40.0,0.26470588235294085,0.4130434782608623,0.5869565217391377,0.7352941176470592,2.4210526315789473,3.6315789473684212,0.6730116670092565
lHDkoPQu5reNCO45npeYSS9eLQl1,0.9174311926605505,0.0,1.0,0.0,1.0,12348.5,1590.1546296631848,10758.345370336816,1,109,1.0,108.0,0.0,0.0,789.165686063757,0.052171987463861744,32.11009174311927,0.23287671232876686,0.5142857142857129,0.4857142857142871,0.7671232876712332,1.9444444444444444,4.111111111111111,0.6276965148049415
lpzDdvuMkKWkPxu6xeclmdctEp42,17.857142857142858,0.1399582735000929,0.5640961656098402,0.4359038343901599,0.8600417264999071,2750.9904642853817,1155.498595468464,1595.4918688169178,17,84,1.6666666666666667,7.666666666666667,0.1111111111111111,1203.5974142710702,293.13071849364,0.46922034844159877,15.476190476190476,0.11428571428571407,0.615384615384615,0.3846153846153851,0.8857142857142859,1.625,7.888888888888889,0.430880930784583
m69r9GQTk2b51mvxrFLt4fZeJi52,9.876543209876543,0.08535327988385386,0.8563398339374128,0.14366016606258733,0.9146467201161462,3234.9558280450788,1164.0305095295082,2070.9253185155703,13,81,1.1428571428571428,10.428571428571429,0.0,540.4490609668964,338.97603416137014,0.32236185174316423,13.580246913580247,0.11594202898550836,0.8181818181818236,0.18181818181817644,0.8840579710144917,1.2222222222222223,7.777777777777778,0.3972699578300042
mUZzgdWKnPb2txOkJg9FHgqX5792,3.7383177570093453,0.030406181985053047,1.0,4.810977438493238e-17,0.969593818014947,6782.977110740421,1715.9427727244297,5067.034338015992,7,107,1.0,25.75,0.0,681.9201030375922,631.7186747798754,0.15953665472235434,23.364485981308412,0.17283950617284313,0.5600000000000006,0.43999999999999945,0.8271604938271568,1.7857142857142858,5.466666666666667,0.5436430971032727
mYRMPGfR5gRSjnp7ojjD5sXo7Jr2,10.81081081081081,0.08494039088883559,0.722126883522144,0.2778731164778559,0.9150596091111645,5036.510782210792,1732.0714888720197,3304.4392933387726,11,74,1.3333333333333333,11.0,0.0,984.2762756849528,758.0192584302168,0.3425415079719701,13.513513513513514,0.09523809523809551,0.6000000000000019,0.3999999999999981,0.9047619047619044,1.6666666666666667,9.142857142857142,0.3960330896236365
mg2WZiRBn4NQDKiMK43Y8dBqyG53,7.936507936507936,1.978054242623608e-06,0.09317796884853698,0.906822031151463,0.9999980219457574,3989.7601291624283,960.1199579670628,3029.6401711953654,1,126,10.0,116.0,1.0,3841.359062883903,280.44959233463777,0.27721592998101174,11.904761904761903,0.009606284873597097,0.13632707010489775,0.8636729298951022,0.9903937151264028,7.5,55.5,0.36502313423558724
mweMgSlGM2VxThhwnupYxYzUbR23,10.0,0.10601351890799475,0.9999999936720715,6.327928429129256e-09,0.8939864810920052,2366.7596244549627,1053.3683003886995,1313.3913240662632,15,80,1.0,9.0,0.0,547.3890047305691,245.64194121751248,0.3250829733914482,17.5,0.10766941515237843,0.5713079690844538,0.42869203091554614,0.8923305848476215,1.75,8.25,0.4637264398194103
mwsliuPsLFhRFjtjQwYkqcCRDvi2,20.833333333333336,0.14071581517713025,0.5124451303987366,0.4875548696012634,0.8592841848228697,2693.3826873214366,996.0602833555472,1697.3224039658894,15,72,1.875,7.125,0.125,1646.2480524625846,218.86570315426437,0.5117400734174093,13.88888888888889,0.09836065573770654,0.6999999999999909,0.3000000000000091,0.9016393442622934,1.4285714285714286,8.857142857142858,0.40294135786694235
nHy6rdfyacWW9BnyDb1dNvNYWfh1,10.204081632653061,0.08970077325872908,0.6862612455055539,0.3137387544944461,0.910299226741271,4572.744179918347,1380.3666334466045,3192.377546471743,13,98,1.4285714285714286,12.571428571428571,0.0,3242.1612594225435,527.8626071624583,0.329544105160137,29.591836734693878,0.11764705934310199,0.31034482826745746,0.6896551717325425,0.882352940656898,3.2222222222222223,7.666666666666667,0.6073661737030347
nT1qJOiMyDdJ9ui4el195A8Hsgs1,17.72151898734177,0.16895224658050548,0.7795833945279146,0.22041660547208544,0.8310477534194944,5784.620900094568,1497.2081754967678,4287.412724597801,21,79,1.2727272727272727,5.909090909090909,0.0,3462.1812023682464,412.6853257483614,0.4671443694565147,11.39240506329114,0.08695652173913028,0.666666666666675,0.33333333333332493,0.9130434782608696,1.5,10.0,0.35464167348624803
o4jXmZcjtMVF2ZInToRpVHUhpdV2,6.756756756756757,0.06817540723175036,0.7519863473326022,0.24801365266739775,0.9318245927682497,3395.376833467664,1733.4571641834502,1661.9196692842136,7,74,1.25,17.25,0.0,1265.6531509355368,503.44657128138175,0.24730106105036703,6.756756756756757,0.04411764705882424,0.5999999999999943,0.4000000000000057,0.9558823529411757,1.6666666666666667,17.25,0.24730106105036703
ohl9pXqpeSMfepC3w9h0tW5SbJw1,12.162162162162163,0.07120028407058217,0.5021561361387561,0.4978438638612438,0.9287997159294179,3629.747487040447,1622.6774799388209,2007.0700071016263,8,74,1.8,16.25,0.2,1359.954290444589,313.18307259647395,0.3701435561873807,14.864864864864865,0.11290322580645198,0.6363636363636389,0.36363636363636115,0.887096774193548,1.5714285714285714,7.875,0.42035785315756663
pFlYc8DBmSXkvMIRgXFxvo3JB6j1,14.117647058823529,0.10953946758953101,0.6649315365967329,0.33506846340326707,0.8904605324104691,3530.068982859816,1035.2622720986012,2494.806710761215,15,85,1.5,9.125,0.0,2391.1323677287264,190.0019871304932,0.4070933858869217,82.35294117647058,0.5333333333333418,0.11594202898550685,0.8840579710144931,0.4666666666666582,7.777777777777778,1.875,0.4659992569610426
pRQimOpZtsekBI2I1kbnD3pycmo1,1.2987012987012987,0.013333333333334741,1.0,0.0,0.9866666666666652,58860.60000002384,1809.5749999912161,57051.02500003263,2,77,1.0,38.0,0.0,0.0,1451.94635168864,0.0693153717009415,83.11688311688312,0.46153846153846506,0.0952380952380948,0.9047619047619052,0.5384615384615349,9.142857142857142,2.1666666666666665,0.454028032476814
pYrcE6tMnVQP1kHAjYwvIz5NOvn1,3.3707865168539324,0.027378400656015937,0.9999999999999952,4.798911313994771e-15,0.972621599343984,2453.0863440048156,829.3832019072657,1623.70314209755,5,89,1.0,28.666666666666668,0.0,482.3394309681796,216.3563444378841,0.14740373665566797,17.97752808988764,0.11111111111110976,0.4999999999999972,0.5000000000000028,0.8888888888888902,2.0,8.11111111111111,0.47105256344372354
pcbRW89vVJcviD87V3uxyG4I9st2,21.12676056338028,0.18794185210954453,0.7044338639124111,0.29556613608758886,0.8120581478904555,3076.6140657000847,1005.5797218020244,2071.0343438980603,21,71,1.3636363636363635,5.090909090909091,0.0,1608.0182219807907,248.69969196305115,0.515631317918759,5.633802816901409,0.06060606060606196,1.0,0.0,0.939393939393938,1.0,13.4,0.21677025811632547
q0Atnpm0jZS5swcVmq0EMalQUKw1,21.12676056338028,0.14402429199155042,0.5012825210180523,0.49871747898194774,0.8559757080084497,2488.1116388037062,1250.8142184460662,1237.29742035764,15,71,1.875,7.0,0.125,891.8574475030481,197.00351490572368,0.515631317918759,15.492957746478872,0.08474850492132523,0.5453901787626171,0.45460982123738297,0.9152514950786748,1.8333333333333333,10.0,0.43116548642007435
qZZiI6GzgxOrpQDGu42ZA0xsGEJ2,9.375,0.04218790091235325,0.43875767020651435,0.5612423297934857,0.9578120990876468,2939.82528059091,1372.982118347572,1566.8431622433382,9,128,2.4,23.2,0.2,1153.2321033074206,342.0233228071239,0.3111291548118492,50.0,0.444444444444448,0.43750000000000067,0.5624999999999993,0.555555555555552,2.2857142857142856,2.206896551724138,0.6931471805599453
qnR5PLX1v3fPi6SwTJMwGcadwyD3,34.146341463414636,0.27349796089383005,0.43019552077810236,0.5698044792218976,0.72650203910617,1440.3231386035632,779.4617237181295,660.8614148854336,23,82,2.3333333333333335,4.5,0.08333333333333333,479.42285193260784,147.53494914772247,0.6420013838572223,17.073170731707318,0.13432835820895428,0.6428571428571422,0.35714285714285776,0.8656716417910457,1.5555555555555556,6.8,0.4570445330375596
qsRKc69hK6e8Uu6vr2pBO8NbpMt2,20.253164556962027,0.09018152074195493,0.38317004824146017,0.6168299517585399,0.909818479258045,4517.8564882878745,1087.8168600440085,3430.039628243866,11,79,2.6666666666666665,10.5,0.16666666666666666,3341.749546925229,272.26184800216436,0.5038920636252107,11.39240506329114,0.10144927536232039,0.8888888888888896,0.11111111111111042,0.8985507246376795,1.125,8.75,0.35464167348624803
rFV2EUbp64f5ORSh7DqwmCQmeqT2,12.631578947368421,0.0972738877195548,0.6079313483339721,0.3920686516660279,0.9027261122804451,4533.134825657115,1419.1255905464348,3114.0092351106796,15,95,1.5,10.375,0.0,2322.3342976461204,434.17777113021447,0.37932267849976575,16.842105263157894,0.11538461538461452,0.5624999999999988,0.4375000000000012,0.8846153846153855,1.7777777777777777,7.9,0.4533737347507387
rNe3cRPepZUXbJhmmfQZiGsVzX22,23.214285714285715,0.048862166660471176,0.20359346042358356,0.7964065395764165,0.9511378333395287,2841.603905968132,1276.1163983785145,1565.4875075896175,7,112,6.5,21.5,0.75,1309.6520387283554,321.57505335992755,0.5418526439168785,24.107142857142858,0.19047619047618927,0.5925925925925991,0.40740740740740095,0.8095238095238108,1.6875,5.0,0.5523117982255072
rUuJv5gl7dWVo7UPQWMx4bohxhK2,19.101123595505616,0.11474910169671283,0.4610453818572818,0.5389546181427183,0.8852508983032871,3815.1871278544286,1517.5610247258085,2297.6261031286203,15,89,2.125,9.0,0.0,1273.861834267272,489.5475444050595,0.48768594930391895,16.853932584269664,0.12328767123287772,0.6000000000000003,0.3999999999999997,0.8767123287671224,1.6666666666666667,7.4,0.4535625504777385
roaf78tUWxWSEjAUcUu8O7mrQbl1,2.564102564102564,0.013333333333334953,1.0,3.1612325870755786e-101,0.986666666666665,13055.400000035763,1658.3881578915998,11397.011842144162,3,78,1.0,38.0,0.0,570.3000000119209,1096.590929106044,0.11924692639624491,85.8974358974359,0.8166191664855972,0.13623980226905014,0.8637601977309498,0.18338083351440287,6.7,1.2222222222222223,0.40682096130527384
s48aCkolCSNbBRSSRPle0r61a7H2,7.086614173228346,0.09308558829649377,0.9999993126104256,6.873895744475563e-07,0.9069144117035062,14913.025290363355,1454.6503073697463,13458.37498299361,18,127,1.0,11.8,0.0,14607.934686411623,1504.7659004584175,0.25587364643517063,49.60629921259843,0.3755263092669438,0.386408748750535,0.613591251249465,0.6244736907330561,2.52,2.6666666666666665,0.6931161801776027
s5gTyWKzfkdHXNT3qicwPmdONYv1,7.5,0.043516112130315664,0.6776233877057487,0.3223766122942513,0.9564838878696843,2804.5073413795253,1370.7350388180544,1433.772302561471,7,80,1.5,18.5,0.0,332.22182181325206,326.1432520899959,0.2663844632679204,11.25,0.11428571428571402,1.0,0.0,0.8857142857142859,1.0,7.888888888888889,0.35171047884938955
sqfXvh6GJLaYAqr3RvHrixP8IOx1,21.794871794871796,0.12514151106788132,0.404645995403811,0.595354004596189,0.8748584889321187,3450.84399837577,1399.0729514684915,2051.771046907278,11,78,2.8333333333333335,10.166666666666666,0.16666666666666666,1625.7325696878852,437.80438581891065,0.5242994348494936,15.384615384615385,0.07683199243867571,0.499183707414777,0.500816292585223,0.9231680075613242,2.0,11.0,0.4293230219306162
ssPK6ISW0HerTGke9hznqJ2LpKu1,1.2048192771084338,0.0,1.0,0.0,1.0,5733.0,1308.7524390569547,4424.247560943046,1,83,1.0,82.0,0.0,0.0,426.9390592325856,0.06521436351143224,15.66265060240964,0.1304347826086958,0.692307692307695,0.307692307692305,0.8695652173913041,1.4444444444444444,7.0,0.4340332753814761
tB4wPBbnWJUXeOC3Zxjph0Esgjf1,7.079646017699115,0.09650394921688184,0.9999999999999946,5.450819538841859e-15,0.9034960507831181,8321.402956561129,1844.0543072758626,6477.348649285266,16,113,1.0,11.666666666666666,0.0,6224.620871959119,675.4877776511318,0.25569428685412254,27.43362831858407,0.19753086419753346,0.5161290322580674,0.4838709677419326,0.8024691358024666,1.9375,4.823529411764706,0.5875242645998777
tPxs1KmmX0ZKjHS9Nr63xoOPCRr2,1.4492753623188406,0.0,1.0,0.0,1.0,18607.5,1618.8588235518512,16988.64117644815,1,69,1.0,68.0,0.0,0.0,657.5637918742419,0.07575108500341506,91.30434782608695,0.8333333333333329,0.08064516129032315,0.9193548387096768,0.16666666666666707,10.5,1.2,0.2954391918721161
tv88wS5Nf6SjruozSmXJxQSmx6J3,7.4074074074074066,0.053860255027591925,0.6532790774791256,0.34672092252087433,0.9461397449724082,5464.157319917806,1766.39838826023,3697.758931657576,7,81,1.5,18.75,0.0,1701.303701744721,556.1242654528178,0.2640520518256287,17.28395061728395,0.10606060606060547,0.5714285714285712,0.4285714285714289,0.8939393939393946,1.75,8.375,0.46036016561307647
u64Uf920g5VD9Byq26LT2rs5o4t1,13.084112149532709,0.13376370594366788,0.747628757439098,0.2523712425609021,0.8662362940563322,2853.0154623266053,1205.6843197861185,1647.3311425404868,21,107,1.2727272727272727,8.454545454545455,0.0,1276.2357606293065,282.7065625898674,0.3879825215846499,18.69158878504673,0.13960399284234548,0.6447305351491824,0.3552694648508176,0.8603960071576545,1.5384615384615385,6.6923076923076925,0.48171993919061085
uM3kxG78g5ZtXtbAEzZyM4XFmaI3,8.433734939759036,0.013851426672719902,0.2800799772610217,0.7199200227389783,0.9861485733272801,7754.542182736923,1497.40813508617,6257.134047650753,3,83,3.5,38.0,0.5,3262.288271272299,496.9147771816711,0.2892369342405937,15.66265060240964,0.1594202898550728,0.9230769230769238,0.07692307692307626,0.8405797101449272,1.0833333333333333,5.833333333333333,0.4340332753814761
v8nNKiWvPdcjiHXZci39OuFTY6M2,21.052631578947366,0.13299809077738295,0.5003412763318393,0.49965872366816055,0.8670019092226171,5338.87424758654,1664.4042163098118,3674.470031276728,15,76,2.0,7.5,0.0,1717.744586110721,460.4752802259484,0.5146531654289292,18.421052631578945,0.09836174174574396,0.4999790792709249,0.5000209207290751,0.901638258254256,2.0,8.857142857142858,0.47771841282041927
wdppvL4tIkVlGjou6aYzzjlaZXB2,26.190476190476193,0.041768308613718406,0.12724429460123318,0.8727557053987669,0.9582316913862815,2336.5820119408577,872.6854359199743,1463.8965760208835,7,126,8.25,23.25,0.5,1135.1049625704625,476.1868925706718,0.5750398244780919,57.936507936507944,0.3584905660377208,0.25000000000000383,0.7499999999999961,0.6415094339622792,3.8421052631578947,2.789473684210526,0.6804961083634223
wkhxvE50megJGMA1EiROSZIJWNq1,28.40909090909091,0.18192149704141816,0.4098133151392131,0.5901866848607868,0.8180785029585818,3068.304104562414,1340.437311526661,1727.866793035753,23,88,2.0833333333333335,5.25,0.08333333333333333,1428.054147801388,238.43765415855364,0.5967756396558022,25.0,0.15384615384615483,0.49999999999999817,0.5000000000000019,0.8461538461538451,2.0,6.0,0.5623351446188083
xBGZhFOeypWnqzSQClkrwV9z2vF3,8.974358974358974,0.039449428909535914,0.4859031816661665,0.5140968183338336,0.960550571090464,2633.572463798365,1137.5197930192612,1496.0526707791037,5,78,2.3333333333333335,23.666666666666668,0.0,759.3611966243104,293.4148147405419,0.3019441816470201,17.94871794871795,0.14285714285714254,0.6428571428571416,0.3571428571428585,0.8571428571428574,1.5555555555555556,6.4,0.47061498118148126
xFaL2YdAmJcWA8oTLXhVCHNqt0K3,8.24742268041237,0.060777912112572656,0.6407136533064729,0.35928634669352716,0.9392220878874273,2262.5910009752492,907.3799585948825,1355.2110423803667,9,97,1.6,17.8,0.0,976.7942547403492,290.5271179978547,0.28477108943535057,19.587628865979383,0.18181818181818374,0.7368421052631526,0.26315789473684725,0.8181818181818163,1.3571428571428572,5.2,0.4946323281327588
xHctBv4C2EU8rHYRouw0btT3GT02,6.666666666666667,0.02667560656201925,0.5030840636195547,0.4969159363804454,0.9733243934379807,3925.453568308366,1487.5578507878483,2437.895717520518,5,90,2.0,28.0,0.0,850.2718867449797,540.980312222998,0.24493002679463532,22.22222222222222,0.15942028985507067,0.6000000000000102,0.3999999999999897,0.8405797101449293,1.6666666666666667,5.833333333333333,0.5297061990576545
xyAILKfYP2M8GqAai11x6NT7IcP2,16.049382716049383,0.12860711253101037,0.5627685807652409,0.43723141923475906,0.8713928874689897,3209.82459508356,1074.2768663022339,2135.547728781326,14,81,1.625,9.714285714285714,0.0,1520.5698905578026,325.92274538306856,0.44048785098138654,16.049382716049383,0.10447761194029825,0.6153846153846149,0.3846153846153852,0.8955223880597017,1.625,8.5,0.44048785098138654
y1EHXv8tUTa4BRS4fRio7bULYfA2,6.9306930693069315,0.061695331934893786,0.8437774086125728,0.15622259138742717,0.9383046680651063,6691.891213375924,1479.2310987046992,5212.660114671225,11,101,1.1666666666666667,15.666666666666666,0.0,4880.0586067140075,565.6325725259017,0.25184249132870934,24.752475247524753,0.17333333333333356,0.5599999999999979,0.44000000000000217,0.8266666666666664,1.7857142857142858,5.428571428571429,0.5595994328465448
yGTid3RXTdQe5JNosdSxvgktWIW2,9.58904109589041,0.10813129751889243,0.9999659823933456,3.4017606654477273e-05,0.8918687024811076,4706.624568172476,2102.472013500109,2604.152554672367,13,73,1.0,9.428571428571429,0.0,806.5836753170538,790.2462111870572,0.31595829022878463,15.068493150684931,0.09836065573770582,0.6363636363636379,0.3636363636363621,0.9016393442622942,1.5714285714285714,8.857142857142858,0.4238953332911617
yatBVTBMCSMp0wJluOCLzTFKMyP2,24.175824175824175,0.09294911686727536,0.34620641235014243,0.6537935876498575,0.9070508831327248,3352.050170884132,1241.3601051909018,2110.6900656932303,9,91,4.4,13.8,0.6,1588.2777954031935,337.6085105654376,0.5530981571641704,28.57142857142857,0.12501428755870922,0.34602069896639304,0.6539793010336069,0.8749857124412909,2.888888888888889,7.222222222222222,0.5982695885852573
yfjd8LbAMrYeG54927d3GiKAyXI2,14.102564102564102,0.10503158751636198,0.44748775535435864,0.5525122446456413,0.894968412483638,2694.0619325172597,1188.4783813862816,1505.583551130978,12,78,1.8333333333333333,9.571428571428571,0.0,736.1036728546385,328.23778208876723,0.40682096130527384,17.94871794871795,0.11111111111111015,0.5000000000000031,0.4999999999999969,0.8888888888888898,2.0,8.0,0.47061498118148126
zw1w9FipI9RjJsuhHse6UZavBxs2,6.363636363636363,0.06693993086047334,0.9999999955124929,4.48750717182401e-09,0.9330600691395267,3490.453921334356,1087.8508347744807,2402.603086559875,13,110,1.0,14.714285714285714,0.0,2400.2628257449487,319.24402172138775,0.23685803096478275,16.363636363636363,0.15384892513535112,0.8332580109969907,0.16674198900300927,0.8461510748646488,1.2,6.133333333333334,0.44565090460475565
zxG9mUnF7uRkaOKSoCPsiRZzr372,7.291666666666667,0.09266114415367065,0.9999999999997602,2.3968625761023836e-13,0.9073388558463295,5390.946243315492,1629.3839716952239,3761.5622716202683,14,96,1.0,11.125,0.0,1718.4266082202364,543.8902572517604,0.2611189419933816,21.875,0.13501250161994885,0.4777297457236973,0.5222702542763026,0.8649874983800511,2.1,6.818181818181818,0.5253213195155949
