participant_id,wcst_exg_mu,wcst_exg_sigma,wcst_exg_tau,wcst_exg_correct_mu,wcst_exg_correct_sigma,wcst_exg_correct_tau
06qcrpGKL6Vc3LVplFQC90VAcRm1,600.1022625858225,77.26264548649947,480.95271947623036,504.5009175793756,10.0,530.146497099916
0ZtXlQtAJkW6jS21vfMOtNL4OnL2,702.7754294148566,10.0,575.1189847963184,761.3943195323515,49.97792087076521,477.08118819605875
0d841i8KPjdjwCYfDuUUXj0SEjH2,821.4437999286594,163.38274524113174,897.0182034012322,867.8949029807981,172.33543796817068,839.6332157962598
0oa5NYVnIBS9NmrmRAZrahXDctP2,562.9689387261778,49.06412668004169,346.9193125847041,566.7376899532281,52.050755112564964,297.2178916740307
146QT9LupyU2BAiTsB3PMIpVXM22,719.7859077911405,123.81800915966218,413.29121779524064,716.6188744559556,124.46392326514356,372.4933554758189
1Vb7DcXYw9R86bw5qj9eBk9fPqA2,681.0678522255342,10.0,1316.1533319937646,680.6533153127731,10.0,1210.5803294482716
1dpmVw8fpcc2IHs0s9WqdU8Yvi53,780.6495024891385,78.31014415272081,1011.4700903218305,778.2344745412622,77.00947114002122,893.0229112902832
1fbLQPCcysVlSKup96K4yI5NX6G3,856.232171873831,171.2574774308138,573.4554536246575,879.3664458380398,193.46942775853017,456.83721230056176
1tT7dcLvf0bMGBdBWWYd8YkdJwr1,818.0709834618893,124.2908971371888,732.9519165330743,887.8845085799783,158.0373445975119,540.2857267202991
1upUBO9zBnhHcpJ1WoAnaBXWKRV2,838.5995721085162,186.76023304509255,635.2343569443183,679.5595590931998,10.0,895.8903097976691
23AEyocWhqY955WHbxhHRSgQ1ms2,770.4545846247968,138.4204622128152,668.6073301115133,786.4571978297867,150.24484692832033,497.7964362241507
23hG7h2ByUZDbmOMTDtp0HT0xRb2,508.24201573742334,10.0,1644.7108324995772,504.89436632136824,10.0,1374.9224501667272
28nQWMwCaSNFBEXlicY3eHqpwKU2,1144.53420007835,175.5459183401868,546.1249126782772,1165.4531268548146,195.99531889087143,483.33243825061135
2FHuv7L9nWPdbIiWHRIuXtcoyw83,835.8902879725059,233.62584436283578,483.41843182632164,795.3325261669346,217.10073202740008,485.72173705439053
2h5FgHUEvBS1twD5DqbTIRrMm1f2,636.3903896965091,102.1458198037569,1328.316934390392,661.1914199916455,81.15225403682356,1018.4619997451742
2zDXvJKvjeejeOSNbtDbtSI5cdz1,826.9989391737141,128.45088811501685,824.3455102289366,815.077221431089,126.6742003678372,795.4305808583932
3FSnTCSiUodLp5u3bE0xaUjLk0b2,851.2233806145467,106.11020312292293,497.52217401676927,873.1872068704744,99.18429874456405,407.8667246102808
3WijiOiVCoMbn80F05SPYsxl0TC2,775.5487503815143,105.6360160337187,779.4138900020403,790.5797684572503,112.96891908118415,547.7487316997261
3rlzYufVjVVLv3ZFLcpfZUtXEEi1,762.5816551617787,128.36939578172394,483.1759764450077,762.6760265371694,128.1786238304306,497.1671166664451
3xCaqfcHxRQxuOlEzXz3PNcHODH2,725.48452882193,122.98800516397252,643.0167692430712,734.1739654620451,128.374448462576,566.2596602128239
4ySuGdFDDmaAr6JUXbD4UIY6BQ13,658.5146786837498,114.11921225168666,649.8101850486789,658.73859503472,118.47960799886488,607.041563936552
50R0P1MIMvRvK1qpqfGROchII6R2,746.446361183229,169.14152621928,406.204863319732,726.2528161220843,173.0071397122149,381.9484507860624
5OOi73igsahMZ5IVKQwwyhnj4Cn2,926.2604477565378,167.4986576294293,906.320891090624,941.9271780320054,174.21672584762382,745.0410008247212
5Z68AKm9rIeeB2lVu3nJO7U31wk1,664.6586719520333,71.08034010305029,449.4768463389402,657.5216576058701,10.0,446.37351684860835
5rXSa3anB5ejmFrnwUsTB82byup1,646.32554027411,103.15292776219525,314.2294928190407,648.5494581124977,93.87385481994738,310.73914198949103
5zxa5CMLGQSSonWOXqXf0QNS3PH3,718.435238559134,10.0,520.9935132414314,717.7422100368234,10.0,477.0291728936104
62fAfeQc27bZelkPX7G54T3gvci2,875.9396206525313,84.67675562914624,967.8405905441749,846.5709760839611,10.0,937.7915836965292
6ABZuv4jbjgE0B8TeyUk6nwVb122,1296.6434393760726,181.57680882578526,686.7831298134894,1307.0536809323148,175.11010913403985,668.7880321411908
6OwhwWQDThSPHTVAeXugohrYuje2,850.7030535493932,110.48228507330286,910.7542000079294,1040.9485418301772,256.0313940292809,831.2935432533948
6WFCyGwk71XLPBmbe4Vav3eotVm1,735.723739483413,73.54324405144222,555.6778668874161,741.9944035785103,81.43427667417723,517.2970409879545
7cvQFrzIDEVAkFCcGAHZPUvJ2MF3,1251.2151412992764,170.766073062609,496.39549880786836,1260.421436665638,173.1170790405797,402.96656614609947
80UJMJbCOMgs6YVpsMgXfYTzw6o2,710.2813998758123,25.594199198223503,710.2750942405235,848.8862677584907,121.8722227852264,397.98836758593023
87w5Le0CgZhSfYAaOH3Xd2fc98l1,925.6313444894421,53.094202260452384,1275.610981890509,943.0101083316557,65.5567524207485,759.6898620693285
8bwaafIhKVMNBoHaXFcY8HirS9u2,613.3466875696048,10.0,699.1428330880753,613.2421298428349,10.0,627.3750463357075
8cOQBMgQEYSlJ4CK60pFMmBVEBV2,795.4521472363808,74.07791384032635,1094.297749296906,683.2303089493465,10.0,948.9457191316346
9NTZ091xWyOO8DgzyTGY0O3i8IR2,830.7653149108265,149.57508513065721,437.1704392359075,846.597549677768,156.93611024675312,379.98584153171754
9Xz1RIwnPXgyRqmucudW9VeuDnq1,862.9608878285355,76.79237640949935,562.7489806020591,863.459471709669,77.63126052032784,534.3627517472507
9l7DjYLs0XdgwykPZR5E01KTZfu2,617.1880925073777,10.0,921.8938763029763,616.2755036235569,10.0,901.9246395548686
A9AEg0g6c2P1Bk72HLmnK3oWJ9B2,579.9397347167392,10.0,957.2738092957717,579.078293072266,10.0,844.0405788728285
ASGvwW80q7VY7xFaLGZhVuErUQu2,901.6351145772487,171.7465543134735,583.1495609265532,898.7932213347412,165.57951902111344,618.6546136554424
AUKCfn4HzgVB7m6LNnh2gQb7G5s2,866.4633125401468,152.9755890191666,846.6235866422321,734.0585836862768,10.0,846.4448279789445
AsXBOflrszVNKoFqbN61bMJqS0k2,794.9381197507312,62.03728052996558,504.00325474928655,785.7572795885528,64.79730528690007,544.3526790019946
AyAnuCaltBbpEYbudoyNzTvXlcC2,888.0760988417375,40.24902068262402,1224.9629895989872,904.2315214258152,46.666160959324806,969.320145889364
BbwUTWswjtPWhb5DvLAmh9Hdpyl2,814.6968493050957,264.53102170533657,2309.9647188110503,833.062477574629,323.33863582639924,1887.2528728234913
BcCTlXWx6ARh4rBtkdWRgZH3C7H2,823.3724323889528,85.89377791107637,450.5615245152328,826.0898363562917,92.96471889926735,418.5600429173478
C4HWhqUIJ3Rl6SboyJGqlrXFAJJ2,1079.3626839939384,247.07434978258698,869.069771068115,1159.2937492909548,279.2750200956901,584.6830084178979
CDEoAyvS8feXLKMKsaZah9agEhF3,703.2456325782662,69.81884774570786,686.0323046956856,608.4516368061214,10.0,817.7567296964444
CGyTPhevTbSvVnZ8qSP0NtWuhgw1,840.9587874005731,175.82959831267098,591.2119760026007,819.4013636563291,169.82040329358074,580.5628549889736
CN1ySCsiSLN4m9yh9fS4s5p6T8k1,822.9901213500945,10.0,1041.3787329935722,1001.8645608795736,50.93959850433562,706.0569101396104
CUNlBEszJVRGK1jWlTaOaCqpDg53,810.5880126191745,160.00502983575078,597.0902345189747,543.0034197687853,10.0,860.0176081190225
Cbkx2NHyF3NrebzXGqNgSfiWent1,682.7423326232863,77.45779754034365,480.0212972935237,683.4818361093404,79.70127373117192,438.87524662276934
Co587hoelyeANqFX7AYvuVQW0lZ2,576.8664713305474,49.13552281918923,453.8627554343911,603.492263097644,64.79013487993667,320.37839327101443
CtJe4bZZnYUBNrcPk00d3YQFSGp2,856.959344684268,109.40631284996375,654.4143838341865,854.1243036538324,115.81433422945975,604.2604542988088
DAKDKPH698P12JfTbbjemLI6PIH2,638.0131547930434,10.0,725.2078834799895,640.1578467814205,10.0,532.3330980831638
DPvStUYSmohmXwFwaKRqHv89R3k1,851.4485535331847,72.32554595252495,715.8199579427836,742.7713630118559,10.0,809.8240052866528
DaRehVxIOhXtEtUExdgvUl0mKcx2,781.2234993032089,10.0,1259.0175882429728,775.5835077983146,10.0,1206.9061444815725
Df83JuPuJkXqTGbENhM2gw5SJM43,740.9475824744335,91.9104801178815,643.0458113611751,734.4011890699363,92.19089163203071,636.7674164700171
DxSidjznjVSNDJuDqqGgxpMEGtw1,1278.5662522371867,176.39065794791267,416.5822014320854,1291.9244915934414,183.76133432127992,401.77300454173167
DzB19GqCB7fyrlEPexogWkjFzEx2,792.7478755324344,10.0,960.8996584609898,1200.816847027221,286.60413684929466,418.72241048733537
EEodWwGh0wWq5f8JmzfKvq0lyeu1,550.3148218070841,10.0,667.841103155095,549.6283170888829,10.0,674.0761566179136
EUhcW9kURScie1DwGPHqmNqotJB2,1235.9460660137688,212.48092701465038,902.8263474008485,1273.7888507682644,175.60984112809655,710.1585137909713
EmfmKFDgWJdW47a6CNTNjnbYaPh2,922.8388396982315,122.68445717932386,822.9733725969055,746.4451287914669,10.0,951.3584265541355
EoToosG69XMp4LTYdB6sB9WTrv22,734.0340896108868,82.89733318546524,720.6285878206638,623.3877112229878,10.0,769.8478373061773
Fz7EUjZCLuUBxLDUVtN6djaBTy42,1301.6223289799134,211.07383918776094,515.0975123413814,1501.3878373092948,342.9031451927732,248.2367652939826
G1Ff3XYUZMRsPafyEQ80ussnVlf1,1004.6158311819923,108.78024100757061,671.0609590474136,1004.6308161585738,108.41015730562665,616.2800853214618
G9VruXninjUdE9czK2DambZl5li2,721.0172668249002,121.70949205366874,967.1541983004785,619.5873222989019,10.0,966.067759035504
GDZGRW51kbWtAdUIHCtEd8sAtqY2,1246.753618135857,12.241309052195337,565.3192836762873,1314.1975345742987,76.45358973119573,411.48523648377653
GE4hogtdLdTFbNasENgtm6SO3hC3,1243.520192951138,256.63463042540707,561.0221764911372,1269.6644618780988,265.171997826728,437.37511848483825
GEwkBw3YHaNp3TCh9YS9PKVfavz1,454.91569874776076,10.0,1003.4539634719982,453.1786957254264,10.0,996.7494604379069
HSggdq91WiQp16bOj7V3dABkcgk2,627.5499923518543,80.48825093862484,726.6977509686819,630.3447012554981,85.32371524904411,639.8646419457514
HbydnnT1hUP3WagAy2TJAc6GqVs2,961.9016602775497,10.0,916.9665978818717,961.4150448346264,10.0,886.0091488720806
HyQM2xKwwuVfqidmRYF6TiRk90C2,534.2514888517475,91.3404715582545,648.7112592557086,539.5030408709965,97.36978925611017,586.3099954743653
IaTJhUGICmO9xcL3605RW8QHneN2,694.6541186660853,146.62217397622268,574.628710870142,707.4069097752408,148.4364414821752,489.20459896182587
JOBWLirr6KYf3GXJ3jPFKmd48S93,847.1623138478096,10.0,778.8811259542998,846.4395764977378,10.0,714.6399967247115
Jp6aXC9KLjcFZBaQdZl4i9dUscl1,784.2765418961535,101.90874400811971,499.12655544117933,784.2765418961535,101.90874400811971,499.12655544117933
JvrZiMHtAfP6gvQtlevYWafKy0z2,1255.049823397278,121.75108663670792,543.9539367463121,1292.6709030443203,140.14625170773857,404.2882651384406
K26uNuY0VNPjJNF26wEx3bFg0kr2,631.6832165462245,10.0,546.694323633923,630.4599039625525,10.0,550.8796087373223
K7ykiXe6CqQUKpEzs2nYrMTVuDA2,783.298286098289,10.0,1285.9512529818387,797.0593440844964,21.4411797583186,891.1517508596748
KtKj6zUKc5Oogd2itg2jdwkchnf2,627.2650756439082,57.760543829507746,504.2526357974452,624.8054962166123,56.86837823526085,496.15405596962376
LSLmd8jENtONZFVkIpRDX665Bu73,1001.2748897700303,176.53776623399807,692.944032423834,1019.4495231567756,179.59846805101827,665.9168967782008
Lhv9P8ZrkDSIB7BGwooAqfu8SGF3,844.299446340054,70.32497427722231,548.2204221885403,843.4846615448033,58.83266587517768,564.5954150428905
LliUMEIsrCVZ88YFQfevan2Og4z1,591.3191431836822,93.38676060483918,565.5669672835057,578.3657024643854,84.68706684784665,532.5890216451589
M4Km1Q2P2oPliChDQkwl6k20FUI3,780.5096905883913,10.0,1036.9313730096637,798.2142386913387,18.34550717651036,867.0048868765476
O61Eik2zvrSQLMNpFbTNEgjWwMr2,1017.7632089574952,176.58390985341674,533.5768608205416,1063.2380824224829,197.71848558885455,405.420345850096
OExlWyngGfPrScDYjaRcv5PIAet1,696.7998119553778,10.0,646.0920999678622,697.5170164764661,10.407630006535227,585.7006252573406
ORuVuFPU5idz3fMoXTGsbwToW2j2,1015.5313946635093,171.58152316705855,616.2837524620014,978.9221443793657,162.76654481000512,620.4635165767838
ORvIk1xRWIQmKuLVe6GXNouvAXx2,1060.665756980867,119.24622307973526,1347.1556460235724,919.735960784758,10.0,1358.619710356258
P8mTl71XaYNvFMTCvlKpzzUdc9W2,809.8514976919954,64.21805653716231,534.9712133744841,819.4964421116662,70.04243151641835,446.224857716595
P9bS6GGJcIXivbMWo4ibJ5jgUPG2,827.3755709186497,113.44766266305415,620.272165542062,840.9957668006529,129.76265971778187,564.4002672004738
PLreonkqaMeFc0UqxKUelH44UQu1,559.6608537574691,84.704522017494,838.5836941377506,539.2745496076517,80.26330621094273,822.9438785924135
PXesLO51qlY7lJBrLdOAZiHmUR72,478.3535257790836,10.0,3180.566268197204,2461.8614293477544,1645.2456157139025,1274.5608951937352
PkpTH7pWpEOG9A86xSloOSozwTk2,1354.105053209065,273.7975118267706,1578.940040948284,1116.724001380613,107.14012159590567,1841.051446017928
QG6VXg7od2fHJ1SF9ZzYBqUa1FY2,580.1343940408309,10.0,549.6660787960053,579.193130182989,10.0,525.2243751225892
QbOEVCaZLUMOgltUdXm58oZOALv2,1184.9820656925315,100.83712121175796,752.4030372305875,1178.4232516257239,104.5274229980831,651.8651148622156
Qg9GDwQ9hBNkDLt50CNLd4NqRlX2,883.130121477254,10.0,1315.496639659904,894.3235379878922,23.08163537275361,1211.1933161899442
QreA2rLiUhV3YHeMfuHMPdGbpJ53,927.4740610401042,79.58079212156672,514.8466589190197,966.8703607812664,92.40288646522629,441.1533789332228
Rc706mP0TSeIoIpMYH1SpRXjOxA2,1045.3202147178633,219.003205194083,630.6022808974566,1046.3270509560953,218.83298508593404,612.7768379043158
Rmd4rr2vGjOoLvdfYd4EdYyxK3m1,773.7351387446286,115.21808949487993,1206.7373921105582,624.9350728724785,10.0,1293.6532768034506
Ru3Qf6pXZua1DfNkQdhbor6iJ403,746.6479701724519,10.0,1355.7591582405018,745.6903351864684,10.0,1255.882072721244
SOhR7IO689NQCPQu56SjATO8FR92,834.9332622117764,134.6591691576153,637.3152191692625,848.027063734772,150.60539167657032,512.1037621079134
SPCT9D90pRa1ihXS5jEw6vCmquI3,563.2388602763983,13.903622559789753,1410.8035420980245,575.769645044982,26.8042031428345,1074.7095265091777
SpSfX0ZcfcPLdlOENlfdfvEPwru2,730.7180539790692,121.82216067550415,559.3069784283624,741.1888058908437,127.16583891781478,454.2378114246421
SvtOrPatsnWjicxtyndEzSdO5Wp1,846.7995121752197,112.21042384923544,1112.2248158122375,844.3082150823859,118.15816380076089,1026.2368310941567
ToTCRJ4EX9OL6UlJqmDkaEbggWF2,915.5212996978064,64.34880486680795,688.6101011818811,922.0079715504044,69.28759186269151,576.2401795474029
UK6MLdHbCaS4xIz2f3vGdpkbBzG3,566.0417691064755,47.78814584254991,426.1566861282563,569.4206989384925,49.8020264298144,374.2507772362052
Ub7nV8F55kPruh35ZpUcKoBUyn63,784.5059800998596,100.72700745212785,755.6197660853993,799.8926239856539,113.39798129275755,634.8897809123229
UbqFccqQZZgcqJIqCn3ErH9zQdM2,1062.6160377655576,181.04187521717674,427.5349911063432,1081.3127456372301,184.6517224904193,325.7314324969344
UbwuSMtBsHdW3Ji41opk3GInMqi2,607.2170426577176,72.45243042870061,492.4810808714438,725.9351212494036,139.96772831074802,309.55326137801814
VwTymW8T68MfpnJvZ2X97ILqDWS2,931.6129393546016,82.32672428182615,500.1953622915714,930.475738256511,86.26196964771493,464.22059294801807
WKzqsLX1lNVSdbGgYTTVGtFwsrF3,844.6245408143903,219.32049236937982,979.8206609499803,859.3648936515854,232.50946168848137,895.6084640384647
WbOfW9KmUkPQK8o5hlHJnJFdpp92,1012.4215183971603,145.0293548126761,600.5759594655203,1023.7973391864301,150.8334273595289,463.80935284058114
WcTsIpSoEhYeIBSNjAbbdaNSBya2,1251.8539833205011,161.68473072398245,519.1265723512746,1248.3911287283147,174.23984536613546,507.21394132357653
WeHQDy9BWldTlaQDVVlsJNCqwxA2,893.723344852599,138.26912866895896,452.9952495860822,882.9048058903492,144.8288436460054,414.00175199515473
Wfo71fsX1VVfPZnzhT7HEYBTwnq1,645.6201205060505,10.0,750.9840467058381,654.6909316169025,18.819857858172746,582.2448249377021
WnC6Uscb5VMIr43GASKiUCO3AYH2,654.3473717739487,111.8243372169594,702.6378751905071,686.4323455831371,116.57778519006854,525.3981165629806
WqoZv41KTtTCuPKBPyClregrKAi1,863.0609700140301,93.48201799537473,679.6141831560456,889.8253921935305,119.13904692210676,669.6836595093127
XbHvBButpZS4bapbJXJLAYcHnn12,1097.5281298578582,121.6809206371566,1128.7365853222568,1075.0329101698646,101.56331387547502,933.2199634991997
XehZHBpwr5MYzUXkj0FAYCsFG922,815.0869445864855,99.35027888065345,639.5405196878296,848.7295539952329,94.92076717194465,503.10611939238663
YEU5ox3jteVINfdSTg5ymqYcS9o2,727.6664614339115,10.0,1028.2586365908169,727.4343130781,10.0,941.4889603423092
Yco8O7tmHlbsUBfKW2ywcZByGO32,550.9997749291879,10.0,952.4310531268362,550.7149337801176,10.0,937.1675228784202
YzmMCD3ZmzbWlV4pTQ6hvDdnuMk2,1123.80425199947,241.72837633824105,622.1977305545016,1173.5415220407087,293.5980528675331,539.5947348398752
Z3GikGkUkjMOa6UK1xdIDvuGRHp2,906.7545144798203,192.60296261082036,573.0247400250768,888.5398830388626,192.16645617305505,588.967551034718
ZEd5KGl23wS7rvzDkxzgqmCgLaC3,987.4347490772583,121.06409450998171,459.47025048087596,1003.1325209053238,127.92145566497452,448.1607597468468
aM2995jJmJWvr6cneaGH58HauIg2,751.3382401499484,102.31328100923643,360.76592365413893,760.7531447081432,97.62514026468043,318.17026768699424
afdTz6deeYWf1qKNdUpKAYKN3hz1,1952.2587873264604,720.6628921620019,1706.7308029550688,1939.4825880657054,706.8331037166345,1772.5156027965384
aj2Ivskb3BgyvBNTLIKlSZG0Sq22,735.0556796050149,136.92996181704237,383.1652288251689,739.3486927099106,138.9836962171237,418.80807411471795
asKxydfXDkZAk89VaD4hwVovkzJ3,897.2466024525628,65.93247542312773,574.4827342640269,891.5980606600453,63.66792824225696,526.0479744198661
azdL1gX79EVd9iepyCAVQrqIaQF3,881.6218295017978,163.66828881001413,544.628334416263,900.0965696988386,154.27082236209523,476.48878005194
bXpFswkI7TfIfL6G4FqWrbaxTGx2,661.1470661099163,122.50031716787414,380.15636931591075,661.9361633844061,125.2486873351734,329.70494528646356
biQ16yPcCKSkJQhSxUKcDc8gm8I2,1086.18974060346,273.15927209504684,674.8922668616145,1056.6808551121162,276.1912446604647,686.3959944757004
btpcu1rB1JeSTo2upeHGPdv8kYG3,727.910421972346,10.0,968.2832089502383,727.7805602827997,10.0,855.0246524195006
c0hRe9PCPPZs3HWFqhIQargNlp52,927.8545597356829,210.15752180179797,608.6693901113146,953.9662831823704,217.27502498984552,546.5073765464729
c8BtRUVPPPZHjyhX2rn702NoUld2,757.860036407959,57.980011002611406,637.1943382074907,758.3933940489665,60.74137094923952,539.9966541344047
cC0BEsQjfrcuCyoaOas9zJT0MNs2,810.5011970032964,123.63378742089334,327.071372416453,819.8203630578629,121.4751982675081,272.263871009669
cEIs6U87xfbSL5eFTXDK77MmvNf1,813.096814278986,140.08045008951106,740.4830352386084,884.4052343898925,153.88633324782427,423.4210936475837
cUugYJoOmOSFc0Mh5JD0ZXJrYN52,571.057460908742,67.09184594833695,834.0104092185288,581.8871564211933,73.60310262510882,686.6066737907526
cec6NLR2ZLVVw6h0TEKSNIH11v02,973.5483075249584,166.85116381201905,574.8383695183616,899.2941084223538,147.05329660321925,594.5862077242427
cfoKz0AGhvYmW0DJmVKAZ01jh752,692.1627211073616,118.91810777691173,308.75937657126696,712.5002225054914,134.26357885817163,250.55566639745018
d9rwc0NXArcNlJvFsgKhQqkGxJq2,758.7901252077653,10.0,915.8992891943221,760.0462319226903,10.0,889.8262802386595
dnkEqKuvjoQzAQm5yXlrAOp9ZlD3,1095.9499197806808,10.0,1322.491960820597,1095.929779630793,10.0,1137.9511065625181
e7NIVznoeNMC7bBejXnMVvFNPfx1,661.5180198487295,10.0,992.8661979068476,662.8327195815892,10.0,718.5846861799112
fEL2NrgSd4MmDtLCAcMvCJQXTME2,1167.039659358519,240.45779401120078,616.8730135451378,1244.9305980994,266.6456050162735,458.5343862361692
fEq0OghbLpfD1jigl1Mbz96aMbg2,607.1833203255445,10.0,789.1477310003718,648.1027715465135,46.351333769156085,616.8283696433667
foaW7wtvY3XLNdguFUK7OvOefP93,743.1130030698425,167.17731419051145,613.8097580832058,439.5812427782996,10.0,949.4978508867684
g2G9l3no7RbeRA9a1W3JnfegTnh2,652.6163520354465,37.36161298460386,827.4656637040518,622.4398713182787,10.0,873.743706938614
h12a1QYNpYbl3T0Gj1PxUz3EnEx2,941.0241199638955,171.48164113203845,1040.732424446278,956.8800533210496,102.28031104262949,909.3307175832564
h52Mz0cZjnOsmXT02EgU3JzzRKs2,600.7404484487802,10.0,623.7781047675035,601.3000664028725,10.0,527.194794199365
h5RYP03wJuVN0xo7qAR8CKFxLaj1,760.6842738923359,81.42110522840834,921.9063949318535,745.6365352847232,81.90480570249976,770.1177053450081
hOrA1ssI5vaeeeXRJhtjrGrqHQn1,634.4236044464168,21.625562513773122,747.55868628825,648.7596058113853,10.0,749.0037096835064
hrRr560eFBNwJ0CcUjCqtSD8TdP2,641.720969688322,78.27660215833595,527.0606653248428,654.9398955001154,87.30841522235264,446.93788546557624
htPWXDgfuheOJbl6ihHore9XuDp2,834.5897298329946,120.76342824748451,695.1720466260057,633.5655851005356,10.0,880.2227439842932
i1bdbtLuM9UR71xKs8yOhuCwJ9o1,944.1884669059076,97.63680899325341,775.1152665833814,904.3696543234657,65.57744306098967,788.3599027121444
i1tBstVkNiVP0qro7TgGD08IGGa2,1220.9537200875818,326.8148174612025,794.916357140511,1201.7617659658965,306.7810011723035,762.1281945347775
iKVZi0Oo96UrMBhPQMHWFcf55uA3,797.8381148471382,10.0,908.9002374964717,1188.5222912235215,230.42380487473758,414.37070500881134
iWsc4pghIEWOQUZKuQJMfe516UI3,496.26935987243945,10.0,688.2839607753223,496.76018207735893,10.0,559.4541844693586
iZScIvzhvAdvlsBXU5D8IHwvG6Q2,1121.4173766693857,193.09243848218472,1779.1458022797526,787.0274409628396,10.0,1715.2455669584335
iZX3U88SSqYAtT564nBPgHUBsei1,867.3990218356033,123.21930308060746,385.9989086750008,860.8290033146018,96.09357943428982,406.09262495821355
idP8RVfm74N86O0dszLXANIpjXv2,863.7516812072536,10.0,712.2632767283741,863.07991734082,10.0,662.9279100593465
iv9ew8Ci8lOzvXFiJw1acJfuRAl2,837.8806283871492,211.48014047941012,1070.7883915361972,581.5027224181961,10.0,1167.0914538453046
jpklrtZKDdb3UbsoQ7Ho5KuR5yb2,1410.3594536072987,277.59480714653716,897.6549085888356,1446.9655542563482,288.86087133015565,724.0492574396834
jzdk8E3tVXTXIozlfK5oeEb7wWp2,984.8020577246375,148.7884396433136,326.3675771401513,999.130011943044,141.47324620205112,331.6505193531085
k8j7IpYfd8dYB0L1qyLCcrwoFOy1,890.0400389278861,92.2992427591054,895.7618300372242,898.1524115220377,96.79494916048368,759.0821405764002
kI0YdycDU0X5hcoEPjEON3Ionyd2,1006.9208786607935,134.32298087282084,612.8634858246818,1016.7935070442519,145.19194222897227,521.6139544005073
kR2rCtaPyPaj7YMizKUDn5xL2qx1,627.9867972933714,73.36439789428303,741.0039306891138,635.9016287536479,83.63805958644211,627.4202515429876
kgSRatooJJfDaMZ2yIURqb8aJuE3,572.9230558021527,10.0,832.611882074654,713.9106330843741,139.2532017997884,589.4113054420408
kxerHPSL3bQjD74HhiebYf3blPr1,190.86102686409743,10.0,498.0139703718528,208.5930524767578,10.0,664.9314123934637
lHDkoPQu5reNCO45npeYSS9eLQl1,800.2554920031397,87.85625263795642,789.8850743663927,789.6606528218526,92.02710180333311,679.445247930087
lpzDdvuMkKWkPxu6xeclmdctEp42,763.4863116677805,114.7609979621869,732.2140824156742,755.3078452184382,105.5764535804403,706.11450806718
m69r9GQTk2b51mvxrFLt4fZeJi52,763.6842112946873,122.69176921567238,612.9054554427219,761.5597098650953,129.3128218450994,608.8045268616065
mUZzgdWKnPb2txOkJg9FHgqX5792,1069.3803787457025,286.58902446881893,840.6274465105869,679.8090802415388,10.0,1153.8058967297513
mYRMPGfR5gRSjnp7ojjD5sXo7Jr2,775.8888244403835,224.30362929523804,1354.5172037002988,766.5743772904076,215.5364217127143,1301.7759958001832
mg2WZiRBn4NQDKiMK43Y8dBqyG53,641.4250784383968,160.47611485352226,485.64068562556764,695.5806208312872,103.05114707841939,343.421992140833
mweMgSlGM2VxThhwnupYxYzUbR23,762.9731615195317,137.62652185991897,429.56849611281126,751.082366038325,132.77377295633968,399.4246347268904
mwsliuPsLFhRFjtjQwYkqcCRDvi2,675.1048065632635,111.78366168373624,716.7761667646739,692.2169314812218,122.70487326070268,568.7278555058831
nHy6rdfyacWW9BnyDb1dNvNYWfh1,609.9634679282229,10.0,1061.3833249295346,745.3556155063674,130.12800050752307,777.6272200969867
nT1qJOiMyDdJ9ui4el195A8Hsgs1,955.6408358100667,160.6036547667909,1075.378951861296,656.9819061648043,10.0,1288.0412655792898
o4jXmZcjtMVF2ZInToRpVHUhpdV2,1205.8147731724418,242.19690350461653,691.1659636937376,1198.4005979774377,238.43957150491133,648.8636342633183
ohl9pXqpeSMfepC3w9h0tW5SbJw1,1084.7646830853116,10.0,810.9313404233073,1084.3508442650661,10.0,719.9430288818105
pFlYc8DBmSXkvMIRgXFxvo3JB6j1,751.8168508545572,10.0,562.8471320163992,749.9140338847619,10.0,567.4946567475453
pRQimOpZtsekBI2I1kbnD3pycmo1,779.7846148291861,10.0,918.4900338600888,779.1569452126643,10.0,813.3735473650535
pYrcE6tMnVQP1kHAjYwvIz5NOvn1,582.0820455153408,78.63284299180125,307.8341187785902,612.9437002482927,102.55466894664632,273.88291573106073
pcbRW89vVJcviD87V3uxyG4I9st2,653.2178610333943,46.6058914148585,814.9291201435342,662.1889598477477,49.23877983687742,654.8623034980399
q0Atnpm0jZS5swcVmq0EMalQUKw1,977.5713993801935,80.9951156631195,571.2300764520072,992.8299977133555,89.79838891882824,453.36823522492807
qZZiI6GzgxOrpQDGu42ZA0xsGEJ2,957.4249472159122,120.40609563766867,577.3012138687913,950.291306792133,139.72277467800026,483.54570824334365
qnR5PLX1v3fPi6SwTJMwGcadwyD3,595.0574778974914,95.54852585478712,449.31105641477245,576.7375453434701,91.80462950387306,463.1448810604678
qsRKc69hK6e8Uu6vr2pBO8NbpMt2,645.9242863186295,10.0,1011.9389342003096,645.4607005201469,10.0,946.6258973895646
rFV2EUbp64f5ORSh7DqwmCQmeqT2,800.2821305845939,111.17884819400327,983.3575484474779,879.1221993045598,159.96856310153083,674.0629135469492
rNe3cRPepZUXbJhmmfQZiGsVzX22,834.0842347475008,131.08796001089104,797.3159376548642,849.8965812991562,139.56634130120574,682.9893584333238
rUuJv5gl7dWVo7UPQWMx4bohxhK2,817.3347420803407,78.13756417619454,1197.3249535653808,823.1660106727237,89.92720109771298,1104.2210697862813
roaf78tUWxWSEjAUcUu8O7mrQbl1,736.7554899406898,91.47370644892382,921.5762786606809,584.5024040028135,10.0,1034.149915115007
s48aCkolCSNbBRSSRPle0r61a7H2,265.64232821381364,54.28226750602783,1494.813028906821,275.12751247835183,10.0,1766.0145206904226
s5gTyWKzfkdHXNT3qicwPmdONYv1,996.5918057662426,154.5741513324474,484.44415588142624,983.2716448377063,151.3517775211213,467.86275911584823
sqfXvh6GJLaYAqr3RvHrixP8IOx1,863.2289809617062,13.404738648637343,1059.6832297475332,859.7168488713307,10.0,932.9894071045395
ssPK6ISW0HerTGke9hznqJ2LpKu1,782.5338341624698,40.33006955322926,579.5374437671235,786.0383240566216,45.169028236949366,575.3342167127014
tB4wPBbnWJUXeOC3Zxjph0Esgjf1,1131.0240765036574,128.0033993018892,886.3088150822472,1177.4283233519527,161.01336693393236,824.5004180574317
tPxs1KmmX0ZKjHS9Nr63xoOPCRr2,961.7407725323684,17.136978787650314,657.143025859138,960.2823410509783,16.554047706312353,635.1437515093307
tv88wS5Nf6SjruozSmXJxQSmx6J3,666.7127218632519,10.0,1442.2943812771518,1228.2819405291418,270.56987599080446,754.0153979022629
u64Uf920g5VD9Byq26LT2rs5o4t1,836.3133398386317,93.53641863188929,634.4350451933783,727.2129864715657,10.0,666.4047959044948
uM3kxG78g5ZtXtbAEzZyM4XFmaI3,921.5429570327028,132.42234028497538,873.4183718424681,912.4623958102009,83.4106357913928,663.1171297433381
v8nNKiWvPdcjiHXZci39OuFTY6M2,843.2107513228035,10.0,1552.2238485593227,1084.470751881045,259.04311349448136,1035.5021053883459
wdppvL4tIkVlGjou6aYzzjlaZXB2,467.4151324780977,269.5814730286151,890.8513134342825,464.98804004313354,231.81722580430062,769.4224431196079
wkhxvE50megJGMA1EiROSZIJWNq1,910.0835957081196,10.0,987.8604374553078,1006.3749722949211,87.62161462332159,637.6387206484836
xBGZhFOeypWnqzSQClkrwV9z2vF3,776.9814999107872,95.17092844976393,507.8936330662221,827.6645473945487,126.24303165609014,387.3807736174389
xFaL2YdAmJcWA8oTLXhVCHNqt0K3,558.2520170452619,62.14872851443803,485.17231167853765,557.2341735524774,62.866514291820835,422.57240498615494
xHctBv4C2EU8rHYRouw0btT3GT02,843.1723802833179,105.93261763208874,815.1973059181613,849.0463907713869,108.89760984058029,696.583554585415
xyAILKfYP2M8GqAai11x6NT7IcP2,614.9385968521292,10.0,878.0859509547297,656.3234394902556,43.78353472470138,626.7370124007854
y1EHXv8tUTa4BRS4fRio7bULYfA2,839.8687608978682,154.5800160995757,885.1272052794477,824.9271898712988,154.17767697101775,735.8660349885222
yGTid3RXTdQe5JNosdSxvgktWIW2,1272.1084527494,234.2631393943971,1113.0902344293781,1259.1287433970617,244.48263155315277,1058.1891133955182
yatBVTBMCSMp0wJluOCLzTFKMyP2,819.4353970561847,135.98644676546337,916.0737002945309,544.3868573727534,10.0,950.9915483893235
yfjd8LbAMrYeG54927d3GiKAyXI2,756.6318101180575,124.17902855998734,714.2628421290854,786.3419741849751,150.22285991758406,553.0970932927765
zw1w9FipI9RjJsuhHse6UZavBxs2,712.134819875067,99.06801957520976,545.5791511798179,757.4664590663668,108.36859245395237,404.10713301032513
zxG9mUnF7uRkaOKSoCPsiRZzr372,964.5874635146881,169.11181710475128,980.496444913513,683.0140672792751,10.0,1116.0803227018223
