participant_id,prp_intercept,prp_slope,prp_slope_p,prp_residual_sd,prp_raw_cv,prp_n_trials,prp_r_squared,stroop_intercept,stroop_slope,stroop_slope_p,stroop_residual_sd,stroop_raw_cv,stroop_n_trials,stroop_r_squared,wcst_intercept,wcst_slope,wcst_slope_p,wcst_residual_sd,wcst_raw_cv,wcst_n_trials,wcst_r_squared
7QYZfcjgZHcVB941oHiLGGPTk7U2,,,,,,,,,,,,,,,,,,,,,
GE4hogtdLdTFbNasENgtm6SO3hC3,880.5707742277715,-22.469164297744108,0.8516108170593439,376.7317817780267,0.4296277079506259,117.0,0.0003055640411897193,1348.5066669358696,-296.2482266266153,0.019069865041082285,369.8648347673527,0.3142777374259742,104.0,0.05269771236414391,2296.01040385776,-983.0446883137807,0.00041645479780508693,633.6534503503032,0.3809326640428147,67.0,0.175600520832281
ORvIk1xRWIQmKuLVe6GXNouvAXx2,858.4063357374633,204.54958687405755,0.23269509666589974,508.81994547882545,0.5284140468338482,107.0,0.013537080828845409,959.4013531593141,11.896050247319048,0.920749470171907,352.1869563471717,0.36133311608645186,104.0,9.751326259615532e-05,2078.6342760905904,-113.90639350201467,0.7062943561080354,847.9785655361196,0.41531007581756146,91.0,0.0016032799558014991
80UJMJbCOMgs6YVpsMgXfYTzw6o2,968.8932314768539,-309.8199667535578,0.0007564507728330716,280.10941083188095,0.35868177312381505,115.0,0.09592328096328544,846.7665817194445,-199.75723751268004,0.00018182107873325484,155.89530178116178,0.2209802902137353,108.0,0.12435078215336194,1765.3068322982658,-892.8726270671609,9.743043732483404e-05,520.6399501827285,0.4375127385800388,70.0,0.20143448812864853
rUuJv5gl7dWVo7UPQWMx4bohxhK2,1922.3167844311006,-500.79284411281134,0.04225515401422446,631.6234429629177,0.38767235795588034,95.0,0.04361292423781955,1317.200227655026,-15.286448303262164,0.9211395114773642,464.43176590882814,0.3512525196966296,105.0,9.561077978998192e-05,2185.156950241756,-648.7001306381577,0.06060371473614387,905.2535238967286,0.49192163644753073,86.0,0.04128693795115325
xyAILKfYP2M8GqAai11x6NT7IcP2,1092.7524765248554,85.92150695632394,0.6023869074177521,520.4910935066958,0.45506963138757217,119.0,0.0023269721362366696,970.673751274124,21.285830785054223,0.84635719493966,331.8083330935454,0.33503983643566226,108.0,0.0003558208878572225,1452.3062463485342,-182.2017526777395,0.5598792031651528,788.3181960438731,0.5739866606579128,79.0,0.004433350561291531
pcbRW89vVJcviD87V3uxyG4I9st2,794.6337358779645,-85.4387635782806,0.45581160252069663,348.27498791683655,0.4599146571902299,114.0,0.004975503265458516,826.9195821010823,-352.22170665893367,6.509077919143514e-10,155.65804895100047,0.28490494600077526,107.0,0.30589657616156224,1594.028262233876,-550.1051022344785,0.09942425472910467,811.8239488396351,0.6188560404731973,69.0,0.03999921903187374
8cOQBMgQEYSlJ4CK60pFMmBVEBV2,1397.2114600902746,-189.2395868790051,0.2055273246126785,474.03402667262776,0.36334012953556133,120.0,0.013546834377769327,1376.8536196534333,-495.8807495987725,0.0001866216268932441,387.5871936440306,0.3636042538145521,107.0,0.1250525410287711,2398.4798854418227,-1393.7937507659647,2.7151203900615127e-05,864.3148171459711,0.5633248391357633,93.0,0.1767850137585422
yatBVTBMCSMp0wJluOCLzTFKMyP2,1114.9907830111279,542.2686722465633,0.00390025227245994,563.7983537320911,0.41918051592416083,99.0,0.08269343994112364,934.9850492689333,45.43730886905783,0.539605879882131,223.55979888614354,0.2316744038895351,108.0,0.0035601494919842115,2063.8412962400917,-1023.3048430850383,0.0009475867137311367,801.2046344477031,0.5460792640606844,87.0,0.12129529404101216
u64Uf920g5VD9Byq26LT2rs5o4t1,936.2163911732188,-382.3211156839431,7.241564436179082e-05,296.36808351192514,0.4217859869133908,120.0,0.12541566924755043,811.340231061245,-139.39342507993405,0.017799047985117163,175.32898769114024,0.2405238036642461,108.0,0.051836958942796364,1326.6431999456995,118.43516483968432,0.5695013496242858,608.1390801874294,0.4349533093424521,105.0,0.0031512516213472136
nT1qJOiMyDdJ9ui4el195A8Hsgs1,1072.3699632022347,217.4712855567612,0.13078453419554112,443.16513382497897,0.37494465307545766,114.0,0.020268256227975786,1092.8965171598634,-204.7911824630184,0.009571156971377929,234.98014093378234,0.24262414393806594,108.0,0.06164618107584324,1651.6706529241014,-104.97748180490198,0.6503540537927757,568.5868969270123,0.3510337641784832,70.0,0.0030390471183638435
cUugYJoOmOSFc0Mh5JD0ZXJrYN52,735.6744317962122,13.77996374901425,0.901323543119114,331.3165697299034,0.44196361590164734,105.0,0.0001499714512183779,884.3732072360133,-380.08664564910174,6.9538677893377124e-06,234.33539733697413,0.3688703702893684,104.0,0.18049443175089167,1480.2557480252156,-418.6904552514457,0.08941548890037249,763.8253236639443,0.6044848368115581,116.0,0.025096542532090704
kxerHPSL3bQjD74HhiebYf3blPr1,,,,,,,,748.6568138870997,-0.11694729215474199,0.9985667009642656,196.25579990802333,0.2597027385259585,107.0,3.087967305411734e-08,1101.8393775919772,-1163.13726757567,6.061241801753265e-17,372.99353037980916,0.9421346280168713,115.0,0.46296442314284814
2h5FgHUEvBS1twD5DqbTIRrMm1f2,1018.0247062983256,-272.257817404943,0.05568311115022849,432.6853230914192,0.49647911402756784,116.0,0.031744532871214745,1002.3270046739468,-460.708732427976,2.6728651175944408e-06,280.35046125580163,0.40020195475879905,107.0,0.1901215704266136,1660.3879613333008,-223.54799063701552,0.48189747427717344,864.1834006807685,0.5525290613291907,91.0,0.005572629550462251
lpzDdvuMkKWkPxu6xeclmdctEp42,1019.4071635819078,-54.815881659492845,0.6752991579454812,404.45149306210385,0.4045723772406614,113.0,0.0015866486601023844,817.183333355717,41.10555553727923,0.5461876108705632,205.57932147325664,0.24353581614727607,108.0,0.0034460562646608205,1787.2446664778793,-701.1216027890347,0.010526991095831,704.0286342198077,0.5056628061294941,83.0,0.07806479632465099
iv9ew8Ci8lOzvXFiJw1acJfuRAl2,1092.4610285540873,-26.06754914127934,0.8756127085176089,497.04628683327246,0.45606333020191114,105.0,0.00023901890430377153,1133.4795293772197,-221.17346131220253,0.1369181287879578,439.652821978403,0.42965804654105233,106.0,0.02114723508013979,1847.0265247717507,-344.0660920808716,0.2908254267828562,795.75086698905,0.472785171345196,75.0,0.01527197384172085
A9AEg0g6c2P1Bk72HLmnK3oWJ9B2,1065.4102637906622,-420.65644130887915,8.109097106965803e-05,324.4444728573782,0.40226710247639763,117.0,0.12685063911576086,1097.1221032978683,-472.0312436371889,1.1213875029149415e-05,309.9228943642983,0.3907004642483255,108.0,0.16710959791331104,2136.8055779009733,-1397.3917128799487,2.2588118177499603e-06,702.1524748244293,0.5630733923993159,80.0,0.25059976407859436
7cvQFrzIDEVAkFCcGAHZPUvJ2MF3,995.4482601170334,-147.5988554623669,0.2956219618701344,440.0653237212758,0.47519859567836303,117.0,0.009507577562751116,1180.1276928243126,-86.2350152932661,0.33868866400996267,271.67972962638163,0.23774863030514687,108.0,0.00863901058925347,2065.064183204938,-634.8415242895554,0.0033526083895831405,533.994497040921,0.3196781167426748,76.0,0.11047077434062623
Qg9GDwQ9hBNkDLt50CNLd4NqRlX2,1562.1889170886895,174.5532130860091,0.28173035048263834,497.5008279521354,0.30103557172804696,113.0,0.010431253444184942,1152.5153754850737,59.73776754837145,0.42680013484600465,226.7387656093128,0.19054958300532265,108.0,0.005967963620687346,2458.9677123934125,-960.3334589401902,0.011036904462678462,841.7586435726637,0.4459263837889011,63.0,0.10125405451603109
LliUMEIsrCVZ88YFQfevan2Og4z1,950.5072603373844,-399.08386677890064,0.00024772006018283744,324.6606799786213,0.4538889754276308,111.0,0.11641295337847664,722.6827183340517,-276.337058956576,3.256888177038845e-05,192.41742660676442,0.3546776296150973,106.0,0.15360269650058975,1440.8011822440162,-644.882091814669,0.000671465581618081,523.9917594752246,0.49404462446739705,96.0,0.11635379988767597
EUhcW9kURScie1DwGPHqmNqotJB2,962.359511783501,173.82764542709228,0.3030931724871875,509.58559678505475,0.4834664412984099,113.0,0.009551561021860307,1172.5955912795187,-71.21976173640203,0.49295988561581683,311.5279882872036,0.2719801664953035,107.0,0.004488014267444199,2100.1957282960398,-64.18665216378596,0.801713105718508,825.2346626097823,0.39593757460928336,126.0,0.0005105260890208551
aj2Ivskb3BgyvBNTLIKlSZG0Sq22,1063.21407727882,6.904698692478264,0.9637209762342102,479.5862699009703,0.4456714836172837,115.0,1.838949105309906e-05,915.6716445708939,-205.88588174232763,0.006824997036371147,225.92598085171258,0.2851178422030599,108.0,0.0670154008672752,1179.3717226857898,-122.28630251363542,0.3873423258376012,447.5562288293863,0.39813403759029037,119.0,0.006393723258078436
iZScIvzhvAdvlsBXU5D8IHwvG6Q2,1154.4967021418768,-296.18916917090337,0.00876598911194116,348.9995144509476,0.35366326828632155,117.0,0.05823281558896905,1532.6404243105774,-282.27252578125916,0.05900090267092406,443.75242415993085,0.3216593158797141,106.0,0.03385945879341174,2235.0113489542637,-274.503033121945,0.34443042052656736,887.6549196923651,0.42257538709797815,97.0,0.00941418833116176
wdppvL4tIkVlGjou6aYzzjlaZXB2,973.4908834051868,-370.57870378877635,0.01789919634606674,442.8401210186578,0.5683194322377632,97.0,0.05759508019794559,876.8247102995964,-149.75433630324954,0.2338843376420483,366.42893676433073,0.4548849460887333,104.0,0.013864141879320894,1486.5052545025703,-463.51212970466037,0.08452430658580194,869.6844147634473,0.6946632757662374,125.0,0.023998258332179966
jpklrtZKDdb3UbsoQ7Ho5KuR5yb2,1173.168647863201,-330.99655740133954,0.022578625279025318,453.14194367165044,0.45532467842615865,118.0,0.04402737234638433,1019.3660854593636,197.2757588708203,0.06043714421722078,308.14585909776105,0.27809610976200805,106.0,0.03348693915044757,2640.931298330456,-923.2049700783788,0.0032543148432769963,704.5882239325238,0.34238431838976513,62.0,0.13541977820577494
K26uNuY0VNPjJNF26wEx3bFg0kr2,958.5595264531025,-177.81828471099644,0.14249085296650021,364.04301524566694,0.418105962860343,109.0,0.01999284447162074,898.9455013508768,-279.9496872233961,4.149559314499218e-05,196.0080504609346,0.2776601335952771,107.0,0.14851202648176637,1279.3645070422274,-201.94044265586706,0.3033630932928008,477.05187289094874,0.40215013384078807,70.0,0.01557101520828184
pFlYc8DBmSXkvMIRgXFxvo3JB6j1,1665.1638354430904,-448.85265870724265,0.029752841194492674,534.116137255273,0.3821561956594608,102.0,0.04636185556101523,953.5618416581633,-328.1977573904158,1.6125253293352826e-07,177.07254848164396,0.2530768778958289,108.0,0.22906790073786015,1281.9854665280072,-133.02354613141776,0.5742669957810638,622.1803074672565,0.5068803350693234,82.0,0.003961792911253378
DPvStUYSmohmXwFwaKRqHv89R3k1,1066.261274478268,-168.994052590711,0.24295650070448357,444.5826065002089,0.4508423070861064,114.0,0.012152790832856976,913.6407547147913,156.15762148321716,0.16876385590948864,334.1766675179175,0.33680435830520405,105.0,0.018306967708896876,1768.9390377074126,-403.4431547746063,0.2714140508091385,846.2265160683919,0.5366526314065887,63.0,0.01979368668142215
K7ykiXe6CqQUKpEzs2nYrMTVuDA2,938.0327960278157,-170.2703951202201,0.09160968295619776,316.3525221147292,0.3720387424427488,117.0,0.0245478701385607,823.7718314644997,-176.22884811417373,0.0014898006690702956,163.5930981261124,0.23109990517607476,108.0,0.09121467607330337,2587.38585701331,-1635.7783166593433,5.547284926470483e-06,874.1432084420574,0.5707129812560563,83.0,0.22612000191623371
62fAfeQc27bZelkPX7G54T3gvci2,1300.8388389467107,-68.11494618225393,0.6118929433885572,426.74170025124846,0.3344118453445683,119.0,0.0022072176034628028,954.8913254108045,138.24690575204784,0.25185387256950176,355.74277543960324,0.3466762686038418,106.0,0.01260556421988406,1609.941364425611,-312.7631541212714,0.24076167968432413,621.9666657385188,0.4261612106554195,64.0,0.02212653358513115
q0Atnpm0jZS5swcVmq0EMalQUKw1,939.2180355659996,-291.976465656762,0.005489669235019508,317.8381099557586,0.4133564454941653,112.0,0.06799216811484331,850.2295034619847,-197.43133445965316,0.0011688082812110724,178.7708534976583,0.2479450379727965,107.0,0.09592828353657239,2016.2546948356867,-934.9037558685434,0.0011550493297336764,680.0908602697745,0.46756344459417176,71.0,0.142860991772546
kR2rCtaPyPaj7YMizKUDn5xL2qx1,902.7877018102582,252.97072630936057,0.11173284377908796,491.1775804034974,0.47888783769081966,113.0,0.022631306672782892,977.7914686824612,-200.44097945150855,0.0344472288192439,280.4770290565834,0.32318426064275496,105.0,0.04269339851321402,1571.7118131060872,-521.7947735191843,0.049517857295425675,688.1660085655166,0.5324806160418658,83.0,0.046789726920727644
dnkEqKuvjoQzAQm5yXlrAOp9ZlD3,1154.3159668321407,-51.12343166744571,0.758601090761546,511.8435313156842,0.4494449588574818,110.0,0.000878158357124036,963.988668022859,-304.74770641873727,0.00019898815968807148,239.38323676092597,0.31201158351015373,108.0,0.1229422052123183,1895.8405790829004,-53.99840318906079,0.8770281094542358,802.6623897864702,0.4230356368695255,64.0,0.0003892406098605515
mwsliuPsLFhRFjtjQwYkqcCRDvi2,1237.0207657613728,-592.8398817446426,6.36269336012069e-05,445.3433113806542,0.505959055534974,112.0,0.13586962066119698,805.1462758703428,-171.06339687792743,0.005027717869627904,179.88347145515084,0.25729416838475994,107.0,0.07253714882371386,1603.5499104876997,-703.9084903483679,0.006703219091131648,611.6030247918488,0.5110052306876264,70.0,0.10317158846363354
iKVZi0Oo96UrMBhPQMHWFcf55uA3,1048.0166133639525,269.4957376372293,0.14064679533123564,551.9861883497924,0.46757406979635446,109.0,0.02017701705610686,1405.6262086311422,-348.1531694642421,0.015006592262333581,412.8019223089921,0.34098624750954243,104.0,0.05661479981918445,1859.9308005427827,-429.89304812841766,0.08838962708307532,587.1261514630145,0.3602558554088596,67.0,0.044014206406374635
Lhv9P8ZrkDSIB7BGwooAqfu8SGF3,698.8296446765354,8.087082124956183,0.9210461671669896,259.32669732154676,0.36582840686609963,118.0,8.505170268182474e-05,773.1173462415588,-143.72543322827346,0.0027572330345294036,141.9647776167376,0.20926197975090416,108.0,0.0814322781344349,1393.6853416260724,-155.9429271466441,0.5441407993738381,617.7542453999637,0.4644202036336821,70.0,0.005435656601028277
ssPK6ISW0HerTGke9hznqJ2LpKu1,722.6954118753158,-95.79866172177935,0.3456104518785945,311.3286423602504,0.4589209216324372,112.0,0.008090353783714217,914.0748216434274,-158.29408766418905,0.0918115782721967,281.7197247785848,0.33881258003497083,108.0,0.026581163557793344,1290.0598915491216,36.93467218415218,0.823776634635702,432.1080637760599,0.32621834847560954,82.0,0.000623578137353311
qsRKc69hK6e8Uu6vr2pBO8NbpMt2,830.801363949689,135.7899993733765,0.2671770469178484,376.81032577630623,0.41784216846298916,110.0,0.01138736032171586,830.3557406511416,-277.12862121948734,7.277085179425217e-07,154.3882123842607,0.2503042341646936,104.0,0.21474728477928562,1364.5937562649146,-1.414634208971123,0.996543259452601,811.8106537761263,0.587128266946052,74.0,2.625061276321017e-07
5zxa5CMLGQSSonWOXqXf0QNS3PH3,988.1115873022438,-332.07625108645937,0.0012507585230457626,315.69940423058273,0.39756218108853264,116.0,0.08766471989003778,695.1900340208758,-109.49861323269121,0.06684152615201555,178.37566150734645,0.280259707060977,107.0,0.03163101495018162,1256.6942778641765,-122.69747891826792,0.5010577571805326,477.5714771523213,0.39635530314207174,85.0,0.00547207349727017
h5RYP03wJuVN0xo7qAR8CKFxLaj1,1286.6873666267943,-75.9054530307894,0.6275232324175464,482.4985444875083,0.3832223242996208,113.0,0.0021283366890512147,1058.0026148213199,-70.55439342388735,0.523475982747521,329.9314108082204,0.3201004450314984,107.0,0.0038874881473436548,2258.55839242121,-1392.32539653884,1.4624367179343734e-08,738.984331458229,0.5328519336242883,123.0,0.2338555605531448
CGyTPhevTbSvVnZ8qSP0NtWuhgw1,1022.7108677618104,-266.53673553713105,0.055422126251673316,439.3041062506815,0.49748363152905756,120.0,0.030745245474171626,1226.362082378012,-341.7604261650797,0.018705454202744953,429.29985828859793,0.41320648888623746,107.0,0.051530723443070726,1543.543595476484,-220.31260648311286,0.34842003462303006,639.9911895350047,0.44410266895191153,90.0,0.009997512680204594
v8nNKiWvPdcjiHXZci39OuFTY6M2,1445.971523479008,-245.25565135142074,0.15585572785714663,528.8926672239098,0.39966859460924214,113.0,0.018060688768693735,1187.255572544832,-23.62966360994804,0.8047473198765557,288.7025851247518,0.24339786880153358,108.0,0.0005790839544076964,1973.4851436421063,-168.8683741651279,0.6299882046693157,823.9348262695493,0.4306006029288027,66.0,0.0036479599464818
BbwUTWswjtPWhb5DvLAmh9Hdpyl2,1164.7615277295627,105.65769165340703,0.5672395443375411,547.9861147503537,0.4457537763300051,108.0,0.0030977431199709898,811.5986018764582,34.20237393772499,0.6969948742975005,262.0933561504239,0.31347225355251956,107.0,0.0014498107991272424,2991.1459974252584,-1325.981933199854,0.0010394926561224898,1055.8667979059262,0.49506870596704344,92.0,0.11322916299244694
LSLmd8jENtONZFVkIpRDX665Bu73,943.6611931808944,140.324006760359,0.4481209330470234,564.6760747859696,0.5542974074089847,106.0,0.005543921128768015,880.9649847546201,178.36447493697034,0.07626758444418305,301.6725409399967,0.3126853651871893,108.0,0.029348627375695883,2028.3342344716057,-668.2392006644847,0.03496272924520984,824.2509014429052,0.4941684861543894,82.0,0.054398731798589485
mUZzgdWKnPb2txOkJg9FHgqX5792,1116.5028342846017,-70.71084361288104,0.646520317344986,479.18638902058217,0.43943265644396473,114.0,0.0018844385939392006,951.5671253845153,280.387971447452,0.03237670400352341,391.55612488230156,0.36310383935510304,108.0,0.042468146638445184,2038.8534165762908,-647.9753104234411,0.0025679675710999802,609.7317994186251,0.3676653482157422,103.0,0.08648768030342777
WbOfW9KmUkPQK8o5hlHJnJFdpp92,730.5147147032915,-198.6414692507737,0.006383969482252345,220.51406342805245,0.35827906806163046,113.0,0.06509953322338098,1314.7339876693177,-258.3130199174789,0.082981666115572,436.0931374434854,0.36897424211092245,104.0,0.029176165246029662,1842.833569587727,-560.6031887760691,0.0028077123474933973,519.4802050809856,0.3455691370425768,97.0,0.0901496057193009
1dpmVw8fpcc2IHs0s9WqdU8Yvi53,1816.1118319577256,-814.4903305761571,2.0819999485098525e-08,431.870266609789,0.34744611806370085,120.0,0.2345926024110869,1065.920953833776,-247.04927163133527,0.004788599246497938,258.5848455341377,0.28218490455273426,107.0,0.07331914927335886,1985.1402126552334,-569.7813960589035,0.13222749214329593,880.6714609749955,0.5207599957265242,69.0,0.03350180408020816
4ySuGdFDDmaAr6JUXbD4UIY6BQ13,1059.5515808631565,-101.73993785139012,0.5211108781219229,488.2952060162819,0.48049953528269757,111.0,0.003787180672475195,876.7222562011484,-98.05932721711086,0.24206150281655184,252.38783958182114,0.3040585392196181,108.0,0.01288803616993389,1678.4476830403828,-849.3493019193148,0.0010995341598159878,661.3339220484684,0.5584396916695273,81.0,0.12687926322448778
fEq0OghbLpfD1jigl1Mbz96aMbg2,1050.9532137989784,-350.4666534993075,0.01620313239204189,446.229342372546,0.5179758726360734,110.0,0.05235204923295202,774.2365756390941,-225.79056537178053,0.006810884358702657,242.56740895270238,0.3765660999990114,103.0,0.07026379642736934,1506.9782622468376,-402.34477882073367,0.05317272042899708,561.9074634009514,0.4349329595095614,87.0,0.04327631078910055
QG6VXg7od2fHJ1SF9ZzYBqUa1FY2,902.4918567046506,-28.651546127792866,0.8330090365023711,423.03563127610437,0.47229309695797633,115.0,0.00039507508210393904,706.6303936292791,47.67172678849565,0.5925103032737673,266.6417792217723,0.36218357875069374,107.0,0.0027372746001338424,1011.2532972979384,237.11232432280042,0.3631124457849796,652.0876515780765,0.5726153716487357,74.0,0.011500824994553382
cEIs6U87xfbSL5eFTXDK77MmvNf1,1126.674531659034,-193.8182113436256,0.1868959339418201,446.26827056498877,0.4332094660481451,113.0,0.01564011550482212,983.3155962750087,-203.05341479343244,0.06141962216691824,325.2161240792547,0.3714919814350449,108.0,0.032617745277998614,1748.910558810922,-676.4033769576696,0.005038541372178164,687.3576112567189,0.5033084914556376,101.0,0.07674481096443293
AsXBOflrszVNKoFqbN61bMJqS0k2,1159.9560608897189,-40.600307542646156,0.7206952706732505,361.22669186864147,0.3144608095316875,119.0,0.001096619588483173,784.8384910538869,-42.83847908322667,0.5818524552286282,231.56092383947563,0.30084824325689896,104.0,0.002983180642178043,1526.0274393337863,-454.1977358285951,0.027820035639644334,607.8595775568948,0.47456258949060254,105.0,0.046113031306609556
Fz7EUjZCLuUBxLDUVtN6djaBTy42,826.6447512031831,91.16809683417006,0.373624383352532,323.4428463616702,0.3689376776294486,118.0,0.0068299489373780786,987.678117561879,-8.09882772120734,0.9149372098544598,229.03614750822192,0.2306945708362536,108.0,0.00010813559159645713,1854.3266387887118,-192.50769332790364,0.23164958123460597,412.827166047715,0.2343384447301596,82.0,0.017834794440657806
DzB19GqCB7fyrlEPexogWkjFzEx2,1759.8894068479767,-991.7529244999762,2.294358963986751e-07,548.4494468302094,0.49318901330833426,113.0,0.2151144674368055,1264.3988618976923,-42.034419141002004,0.7629826003577259,415.35710535063066,0.33107516914592894,106.0,0.0008782732210849503,1933.0578088621437,-487.3850402919828,0.02228517050847496,532.5282182067625,0.3227042254630512,78.0,0.06684103222375677
WKzqsLX1lNVSdbGgYTTVGtFwsrF3,1496.4248262340316,-374.7080653343535,0.019004217936941917,500.3417159399301,0.3877566545307103,117.0,0.04690765671701847,931.9845395854475,147.77166156983492,0.17243558831034173,325.7200236815278,0.3236496798695109,108.0,0.017490788689650708,2085.64755850866,-700.8838896847333,0.03739662840652839,897.7172690568731,0.5250761192880542,85.0,0.051155023655902444
xBGZhFOeypWnqzSQClkrwV9z2vF3,1343.0485703673241,-479.64304373084707,0.011431034464273201,586.5304854030445,0.5407064990911744,114.0,0.05575613280390496,1028.5723921168826,13.436697247706126,0.9054927110848854,341.86277666351725,0.3271595132006186,108.0,0.00013359886593042883,1319.6568971113127,-69.56251217129407,0.7615403260766717,589.8474315353405,0.4534223669441523,78.0,0.0012189266280570432
tPxs1KmmX0ZKjHS9Nr63xoOPCRr2,1451.1047521077567,-510.349504161472,0.00015525736633857575,416.3347744289743,0.3668823284304955,120.0,0.1146376960551816,1011.5618075872414,-251.9495411604551,0.0003679421128070201,207.27727681690774,0.2462498485878639,108.0,0.1133115477790806,1858.3913081284675,-472.12199858579436,0.08993411303675432,652.9618688663504,0.406189707408529,68.0,0.042949440774022844
y1EHXv8tUTa4BRS4fRio7bULYfA2,1360.7345215673158,-298.8428511039872,0.12378216044628139,573.3839440295754,0.4763312272964383,110.0,0.021793927827568307,983.3695038726773,-248.69271147554915,0.0006873358924679764,215.29719258662007,0.26223524497067163,108.0,0.1034655408861281,1844.2197971762612,-570.9600065647058,0.02063482827332022,673.3258411985566,0.441449151845432,97.0,0.055112657910332485
HyQM2xKwwuVfqidmRYF6TiRk90C2,833.8323525569383,-92.07928150666187,0.32266011703031183,295.34401582524316,0.3732498741490258,119.0,0.008360743781928734,718.047196738308,-134.35550458540914,0.04521967370070207,200.74349798620233,0.3114174729056171,108.0,0.037299128367042904,1568.6764199621398,-771.408261613827,0.003176813777676511,675.2412286375508,0.5951992018573026,83.0,0.10246580015493767
roaf78tUWxWSEjAUcUu8O7mrQbl1,1352.8762894782787,-75.04226950975773,0.7076836319452848,606.9416852578141,0.4576713758846643,112.0,0.0012831952283267228,770.5430003269935,59.01585119786492,0.40941770571241454,215.76237169365922,0.2680400827455913,108.0,0.006429305670409578,1564.7657035834673,-147.83025404398558,0.6106484890207728,729.7048863087091,0.48412600563724967,73.0,0.0036701930485573664
Rc706mP0TSeIoIpMYH1SpRXjOxA2,1153.24896025601,-121.09742227340709,0.39864062262694877,450.10890205400375,0.40928765592125615,115.0,0.0063125625860288625,908.1067556007846,139.67306146965052,0.12756878551667142,274.0441695400884,0.28071748114643225,106.0,0.02218305885880099,1609.0420914712834,6.50192205307567,0.9808775402794989,597.3078260840334,0.3641192258221654,59.0,1.0167703878987525e-05
i1tBstVkNiVP0qro7TgGD08IGGa2,1344.4929944892463,-184.0161750620424,0.3060004531404468,567.68519217046,0.45140547250779134,117.0,0.009109750866342801,1127.3735649726377,120.3698329514975,0.2861968553108056,334.02569940835974,0.28018996112068595,106.0,0.01092928427960052,2163.3519961371976,-413.52269233877837,0.1668840748201882,760.2655858490514,0.38895729123744893,79.0,0.024666453856452542
h12a1QYNpYbl3T0Gj1PxUz3EnEx2,1191.2683211629799,-264.30658519096244,0.05306180388954912,415.1507989912571,0.39448561681853256,112.0,0.03359517088903858,1003.1167113833134,-225.53922960969274,0.007937969938888201,247.8846307666012,0.2857103729099441,104.0,0.06707441950481485,2124.9847550228305,-538.0253182749118,0.11914340315125023,826.3712530913608,0.4481678134558536,70.0,0.03533719720449478
2zDXvJKvjeejeOSNbtDbtSI5cdz1,1060.7865596624047,100.03547056765636,0.4374350277581698,408.93845295914633,0.3660261575868136,119.0,0.005162551005351278,800.0806659873774,-80.5150356783136,0.22607507435686547,200.2214936396151,0.26287866340118954,108.0,0.013793666998277622,1962.3313380283403,-622.0457746480622,0.0783262445385733,858.713981955463,0.5243726525127137,71.0,0.04423453073704891
P9bS6GGJcIXivbMWo4ibJ5jgUPG2,1760.4506042529028,-550.5956263747006,0.008583261486315654,581.351401290775,0.395800655722032,99.0,0.06907599884796015,1022.2858061483155,-142.77353537584634,0.3104169843488161,418.3254855034204,0.4378894756340223,104.0,0.01008558418655882,1367.8159656298344,-85.32807486771264,0.6702151044508554,471.2210736905142,0.3508374346457794,66.0,0.0028517473318151253
iWsc4pghIEWOQUZKuQJMfe516UI3,955.8323278251511,-348.72632231478343,0.0009732175077067207,328.69347311215057,0.4368493441563689,120.0,0.08841776883163882,687.832228786799,-89.29210841690619,0.2004586913887366,208.27101745899753,0.3232956638508748,106.0,0.015711020854179823,1852.1592015550343,-1318.5144230756625,0.00027733891746118555,887.7298845646288,0.8066232889238623,79.0,0.15865929417621205
lHDkoPQu5reNCO45npeYSS9eLQl1,1262.208396302853,-63.51596808219322,0.7158355001528687,528.6811839474452,0.4261200864140977,112.0,0.001209464381531641,773.5488128477754,5.256597136293669,0.9415614274061592,216.03450581968605,0.275705280120917,106.0,5.1920642826147046e-05,2202.3512807621923,-1213.1603361228038,1.5077980374824324e-06,713.8509797186488,0.4962823560315719,108.0,0.19691624132177396
WcTsIpSoEhYeIBSNjAbbdaNSBya2,1148.35659156961,-301.3961329009187,0.03460423028199765,430.9998159935314,0.4376260713750436,111.0,0.040312225328819826,998.1869011211267,112.08730887007219,0.20083036801877927,263.66660425255844,0.2497057360834054,108.0,0.015390265852694412,1951.8613838267038,-432.05550416773315,0.019391059156536983,505.30915070284016,0.2971832001765994,93.0,0.05860653325884254
mg2WZiRBn4NQDKiMK43Y8dBqyG53,,,,,,,,949.9223898787668,-319.13978321463287,1.7641924661573606e-05,214.5899729020491,0.293623038540746,107.0,0.16166111679464037,1184.0492283262806,-344.2553559827662,0.002791450311331719,355.9710572736317,0.3635333985005098,123.0,0.07149550494709718
AUKCfn4HzgVB7m6LNnh2gQb7G5s2,1349.9256829059193,-555.4008038793538,0.0006928168802619118,500.85486957314185,0.48669399451830125,117.0,0.09561992867923327,1022.6747144254975,-136.64955748749335,0.2185956265011098,333.1743289559454,0.3484622085522858,107.0,0.014379260218808653,2200.187149336177,-1180.8922606528815,1.9375379588992618e-06,650.6158498442255,0.45635831144983974,91.0,0.22583104533197346
CtJe4bZZnYUBNrcPk00d3YQFSGp2,1269.079510057441,-30.346614744112347,0.8436741793731362,474.0311685448805,0.37481094515575786,116.0,0.0003425481082652976,798.730716955495,-12.292915392452736,0.845036319991345,189.97039044298177,0.23749811011268246,108.0,0.00036204291849021886,1586.5576048993012,-241.7978001202403,0.4253077370860706,787.7023935750186,0.5329492022748318,79.0,0.008273894261807826
CDEoAyvS8feXLKMKsaZah9agEhF3,1330.9295068428112,-570.5472631402605,2.0575092552586033e-05,408.7519865563517,0.41942240035641626,119.0,0.14414795948985037,881.0724600747284,-87.06529051983921,0.278307746523464,241.92059577391342,0.2877580970866959,108.0,0.011078617093582285,1449.260422152899,-241.1616457382087,0.49094166132210193,819.9289593291695,0.6110015129827356,65.0,0.007562367820073276
GDZGRW51kbWtAdUIHCtEd8sAtqY2,1044.3087856706957,-370.06561068233054,0.004333825058268627,394.87246140680423,0.4726764340863987,112.0,0.07162555192967196,1032.7629799391598,-149.95188577775437,0.05030847680689721,229.32656270080182,0.24155263936991214,108.0,0.03566184872864062,2113.8607046057105,-596.2813922651428,0.002640226628745127,502.1402291064855,0.2897189233677759,82.0,0.10748459570495789
QreA2rLiUhV3YHeMfuHMPdGbpJ53,938.0337323702087,163.48869613575144,0.30541900675483125,471.1810619383408,0.46106391311538464,107.0,0.0100010059728292,1116.3674415736587,-59.200018694895505,0.6097519869346453,346.12121412321966,0.3159130305710609,105.0,0.002538556554096378,1651.5417105546123,-418.34236845154504,0.041877906369015956,576.5368361844164,0.40443494243653244,95.0,0.04376982546143314
AyAnuCaltBbpEYbudoyNzTvXlcC2,1821.7806446824627,-701.7665241677151,0.018306744363690976,641.1426043107623,0.46772528668719826,73.0,0.0759162362089939,1187.0677096014701,-351.13814674160085,0.005408806019731087,366.87413466480064,0.3742628903973498,104.0,0.07339454388367965,2778.1621875732517,-1559.2002458648776,4.5072296774641826e-05,1083.1145207269492,0.5879045705915688,107.0,0.14723307994235282
azdL1gX79EVd9iepyCAVQrqIaQF3,989.5528039072826,-137.20194335124404,0.23379842912598908,363.2782325536056,0.3934156353605267,117.0,0.012304308993462671,739.1151335270005,6.9665768687525285,0.9138544235361203,193.9487778652739,0.2587103305250275,106.0,0.00011305991130160452,1727.6498042757667,-602.9465221317848,0.01657774995324042,647.8327704289961,0.4653066151898005,81.0,0.07051397155360956
jzdk8E3tVXTXIozlfK5oeEb7wWp2,1048.5623577557633,-319.2712048692882,0.0020811151214122172,312.49726914754547,0.3630019979547126,115.0,0.0807827734820185,1141.009548076492,-497.95983689725693,6.146643400546908e-08,258.77031563181475,0.33022532510574987,108.0,0.24258882623352843,1562.2649789034876,-502.2632911256367,0.0013362829308251176,389.3438166340667,0.31379303292133226,78.0,0.12742002476008815
ORuVuFPU5idz3fMoXTGsbwToW2j2,642.6976189802859,-108.29040875886493,0.10500186401295702,207.67095355752954,0.35400035916813277,116.0,0.022886734534046604,783.9487672203843,10.302806164052253,0.9129763021639192,283.0368079591311,0.3553496900744605,107.0,0.00011428163161171262,1922.7956588927036,-581.9617722701734,0.009641254893910241,602.0403045923538,0.37929567349590887,88.0,0.07536694732075624
pRQimOpZtsekBI2I1kbnD3pycmo1,648.4816671725993,-111.30601820084361,0.24475705424764232,298.9448413151871,0.5028726969428278,113.0,0.012169367953824358,852.9745837429369,-105.68990822882212,0.27676152739150583,292.72236361628654,0.3644780183822972,108.0,0.011149749935947521,1704.5559329616783,-278.4540701186062,0.31978945756329363,685.3153834476275,0.4359299033887034,73.0,0.013941259331304474
yfjd8LbAMrYeG54927d3GiKAyXI2,1114.2393945522365,-194.31960812980702,0.2750846423780821,527.1483101585388,0.5154670776016379,111.0,0.010918729096517062,816.5667204620817,110.89119801356354,0.3794995315625802,380.4552127397145,0.4338013769596135,107.0,0.0073632965078447845,1832.5975657254062,-723.448977604674,0.014286283062855138,745.0100848112094,0.5202463018367975,78.0,0.07641920824356636
HSggdq91WiQp16bOj7V3dABkcgk2,1227.808774109501,-542.9442148820924,4.238538828250134e-05,407.04090975910793,0.4532648132606859,120.0,0.1329358007269091,830.0622833760425,-220.90790009778087,0.0021982566706640547,213.11028333412753,0.3067234840435131,108.0,0.08503496623792141,1801.573333321975,-894.6590262175503,0.0013178807838329538,742.2414638924669,0.5751900322775895,89.0,0.1124287182216053
PLreonkqaMeFc0UqxKUelH44UQu1,883.8693312977587,-115.38163689665515,0.28743944006580646,328.2967073752043,0.3958880522536604,113.0,0.01018810778273415,718.9106180080466,-142.39080567768497,0.0478950931620832,210.36783348817303,0.32722008019392185,105.0,0.03746132604501332,1729.5859146164705,-1033.8503927380634,0.00015168613294940273,695.0771858907052,0.628004500534693,91.0,0.14968214284043507
ToTCRJ4EX9OL6UlJqmDkaEbggWF2,1377.353194434676,-384.7629163642512,0.018970527301226843,504.9465519190117,0.43297207425735357,115.0,0.04774757042764021,1083.9196907922478,-361.3579001041179,1.4752488362872986e-05,240.8500019149029,0.28874417550265724,108.0,0.16296827942645617,1978.9266534498402,-861.6722105184981,0.0013685338928617987,643.2320720770701,0.44279607658838677,76.0,0.13012918700248588
foaW7wtvY3XLNdguFUK7OvOefP93,887.434662205618,149.8890604819122,0.18903011292090466,357.6355650023534,0.37116998144342894,118.0,0.014825242885999108,844.1220013591566,5.052293577975658,0.9524864128157919,256.1348061293593,0.29971880906766246,108.0,3.365152182888669e-05,1588.8028197781414,-602.4675583235511,0.013838758141689526,608.4403532036465,0.48496586746896386,76.0,0.07911870130530761
EmfmKFDgWJdW47a6CNTNjnbYaPh2,1442.846125718129,-325.12753423631244,0.03314465715783879,472.38366030968706,0.37310355942289913,114.0,0.03988397057460445,935.8795447061752,-65.74057088058656,0.40337123162548616,237.2613003308185,0.26116377047208594,108.0,0.0065965696070401664,1729.0739837440158,-77.65461847410843,0.8188466335589744,883.3498672133546,0.5165182560220624,82.0,0.0006595695055983012
6ABZuv4jbjgE0B8TeyUk6nwVb122,1144.9035105910386,32.24899579403276,0.8171233085659273,438.9169779745851,0.37487765397757333,118.0,0.00046287494317428385,995.3834522561965,114.664577016772,0.11875428486849242,220.75424885835588,0.2101590321629336,108.0,0.022803508291727052,2036.1906391831387,-259.9570694325749,0.2946070665238147,655.2092621597636,0.3424439255193766,86.0,0.0130685922639439
WeHQDy9BWldTlaQDVVlsJNCqwxA2,958.171993461958,131.18037247890683,0.33329776938122413,418.11254332185655,0.4062923039004866,113.0,0.008435079750319902,1012.2149167516259,-212.24464831807074,0.03776018489988175,305.4722731511227,0.3408969251678657,108.0,0.040081470192894535,1634.385773624065,-575.3696780892687,0.0005943315329878998,489.6558362791318,0.3810903293923029,107.0,0.10671670478331294
0d841i8KPjdjwCYfDuUUXj0SEjH2,917.810669439065,-14.482555130143556,0.9222873465028754,457.07554085108563,0.4975611555902944,113.0,8.611815251974287e-05,960.4717579171639,-83.78116635043472,0.39603763155303195,292.8119666847391,0.31658086742970926,105.0,0.007002813369865879,1599.2518768688822,-82.01960669905472,0.7962484536699449,750.2159368598819,0.47450645935264846,66.0,0.0010493368408993186
0oa5NYVnIBS9NmrmRAZrahXDctP2,744.168073891328,-137.39625551535335,0.19444300310372303,324.7675788794863,0.4812618024753178,112.0,0.015257755516893819,491.53654583767997,118.45402498352351,0.013075768057462809,139.14302533036437,0.2581218322700303,104.0,0.05887177063601739,1015.8232394373205,-208.98556820479865,0.3632058230032843,559.2593441593438,0.6096708309326997,72.0,0.011825221543183325
5OOi73igsahMZ5IVKQwwyhnj4Cn2,1134.5056473828483,-596.8996280990813,5.426501311069695e-08,327.6418213248265,0.4406911039185343,120.0,0.2223927624317379,855.6849881863266,-44.57479085648366,0.482065369449861,191.22750340488525,0.22782873040104568,107.0,0.004717837869642288,1945.4901273270634,-349.2712826122924,0.34411174346037887,897.60809149764,0.5027364451715396,69.0,0.013368778242510837
O61Eik2zvrSQLMNpFbTNEgjWwMr2,976.2100043184424,471.8950406813917,0.0037101076990188387,461.81971238428184,0.39025037088320397,103.0,0.08036853284253809,864.5631105761933,-77.60264958595099,0.37500886302407,263.7042519759139,0.3175271312781861,107.0,0.007502702951459381,1857.701590392798,-612.7903602735778,0.003341652828782082,522.2749432944274,0.3518235220392358,78.0,0.10777897567098195
Ub7nV8F55kPruh35ZpUcKoBUyn63,1386.724912060198,97.47233028328846,0.6001010659257953,581.7639746153247,0.4020285660644916,116.0,0.002418573460083411,1098.1622038483406,-128.46231722836757,0.2634935280693901,343.65295192031243,0.3313645865852139,107.0,0.011893192582646532,1588.9951431873228,-208.84056731786413,0.43640925430031596,691.1170489059672,0.46185137334480775,80.0,0.007784902508424594
Co587hoelyeANqFX7AYvuVQW0lZ2,687.381942142616,-12.984664433313027,0.8939001561937592,307.3757530308406,0.44765661084136543,118.0,0.0001539933042918785,677.5649282224272,-58.33599635656536,0.41512464044372055,214.92919142303444,0.3293313269623896,107.0,0.006334556953068536,1134.3049662025264,-207.08066412283682,0.3731408782945702,611.824583331435,0.5892124607810849,82.0,0.009927229482895488
cec6NLR2ZLVVw6h0TEKSNIH11v02,932.6135399449504,-139.9104132231952,0.216340507915813,358.9270514057371,0.41528136084049516,120.0,0.01292393364062823,864.7846585116826,-19.00265035667945,0.7991292102325022,225.5392464194814,0.26132830810745183,108.0,0.0006136163139373558,1610.7427446569177,-205.8066964285827,0.23930769184298223,566.2498570372373,0.3748475261033546,127.0,0.01106007916514163
M4Km1Q2P2oPliChDQkwl6k20FUI3,1116.8838948082625,-431.5942530380497,0.0006731619828967526,382.9242288344385,0.44532537376536113,117.0,0.09604239864237554,735.7449560821597,9.110754427766464,0.8745663538172923,174.19504412501365,0.23311840228998157,107.0,0.00023843853777058126,1752.7132969724742,-368.75936693170286,0.1805340639801011,740.8914191804597,0.4736059288175388,93.0,0.019619116974066497
1Vb7DcXYw9R86bw5qj9eBk9fPqA2,946.1738130567633,-224.30333985332004,0.030986506871413477,315.75635794352195,0.3836133130613684,114.0,0.04087727384402573,1335.3016566124638,-314.91420800434236,0.03140944602253423,434.21864729881173,0.3737019440049549,107.0,0.04334186102097773,1761.1319013779785,-21.982768048029584,0.9492730440084689,798.412204151528,0.44920783363449246,65.0,6.475529121145537e-05
Ru3Qf6pXZua1DfNkQdhbor6iJ403,1080.4793251398164,111.60416690548703,0.4137367872528417,433.39378882901343,0.3792352328773562,119.0,0.005717750898697921,1251.113830458992,-467.11076829034363,0.00013365488965259826,346.7873775421506,0.3635235419982088,103.0,0.1351151909634574,1806.0770143246816,146.73693682896058,0.6754258975431021,910.6720880058887,0.478529138038938,81.0,0.0022308430991988116
6WFCyGwk71XLPBmbe4Vav3eotVm1,693.059112674739,-40.9187739326603,0.6900002298088519,321.66617981722084,0.4745476999415897,116.0,0.001400634839013544,723.0641352547053,-80.31901122719259,0.07974526850670224,137.4664863925623,0.20234698832859438,108.0,0.028680358616025636,1482.3043477447384,-381.80869565809746,0.1788444551548711,683.7499105759381,0.5288716291762954,69.0,0.02680880198319906
ASGvwW80q7VY7xFaLGZhVuErUQu2,1545.206423752943,-450.31340623978264,0.003323635316135559,451.62952138488794,0.35371522286580104,107.0,0.07918037552053397,887.8527504725762,-40.288404020906796,0.5265499334444672,188.75589778539697,0.21583603356164807,105.0,0.0039049397442585286,1550.9860754728084,-287.27499925906835,0.13219619714032055,484.3672577091838,0.3453024829007634,79.0,0.029192073850938367
SpSfX0ZcfcPLdlOENlfdfvEPwru2,1119.613437825809,-213.40758546105354,0.12756784321497255,431.0635653956496,0.4261511823276843,113.0,0.02079266652856185,1058.9184497679169,-413.371178955268,2.8793572024055304e-09,190.97502596648897,0.2632732942134828,107.0,0.2863790624305816,1579.8261035007583,-579.6244292237678,0.04397882522751574,701.8102244864041,0.5523117090106814,72.0,0.056704738869768984
aM2995jJmJWvr6cneaGH58HauIg2,1031.5490768245745,-55.424300718551294,0.6194172709916318,351.1769152919401,0.3472750608549433,117.0,0.002152134070693077,923.0216283138849,216.33751995703014,0.14456097324619727,433.76734317663187,0.4212386468740465,103.0,0.02095815377596717,1448.7621995770412,-673.3427899605986,5.258197574396098e-07,337.7579921212837,0.3483996959824767,87.0,0.2575368437322815
Wfo71fsX1VVfPZnzhT7HEYBTwnq1,1199.397121241664,-514.5309091150267,4.378767729530188e-06,340.6371319975966,0.3921987810686677,120.0,0.16430259353268595,823.4208970117683,-99.58068294068237,0.1138685440955806,189.13620161804727,0.24509081351902162,108.0,0.02341479605823771,1989.2212315962715,-1356.9063933300033,3.531894814866809e-08,533.0191770337218,0.5038739325551508,71.0,0.3582335846683569
m69r9GQTk2b51mvxrFLt4fZeJi52,946.7519345716836,16.013005477080576,0.9097154669946643,433.4037941048871,0.45001097737754064,115.0,0.00011429437893429085,709.0272708745057,100.65782190112056,0.18771255071462392,229.4478450541044,0.3018907675643639,106.0,0.016627820651524777,1444.1424269798222,-135.14905149049136,0.6315361847094048,738.3911785011968,0.530513041932048,81.0,0.002925372784495881
wkhxvE50megJGMA1EiROSZIJWNq1,1291.1984837386717,-82.77865924084114,0.5986472961029812,494.6986626699993,0.39305691318473723,118.0,0.002395723771610416,841.8984369690315,53.85127420980908,0.5318953819215425,259.98736682234187,0.2970063615034113,108.0,0.0036970748788527586,1942.6489809663467,-385.46445359193615,0.22301892167958476,844.8729947432342,0.4820739917491504,85.0,0.01783656767108466
d9rwc0NXArcNlJvFsgKhQqkGxJq2,1054.5761016684035,89.72136341169247,0.6239385169537344,566.281760999837,0.5111354695808608,111.0,0.0022129204556252447,908.7993204202371,-122.73567787596573,0.12623959698724155,241.12623161616736,0.2850318275914163,108.0,0.02191831797363981,1907.6290975912461,-672.3029548413128,0.03989745594687664,852.3185933927589,0.5524650341984616,86.0,0.04930650604833869
uM3kxG78g5ZtXtbAEzZyM4XFmaI3,873.8492543060127,505.5583542161519,0.00014605078913639617,409.70825620863405,0.38413546896584405,118.0,0.11738210010821079,956.0910805264906,-1.2710499442984082,0.9885796481682856,268.24183039619055,0.2781361831180224,108.0,1.942006794649771e-06,2007.1962462692968,-842.6611989163724,0.0008355150311705018,594.1986151231931,0.4042972370229212,78.0,0.13740296573276659
WqoZv41KTtTCuPKBPyClregrKAi1,1371.3175501512596,-413.9372646473252,0.014439067729207666,502.09030422781115,0.438781927156816,104.0,0.057246190332300356,939.7140672783172,-31.81702344550397,0.7575594391092032,311.287159068729,0.3339779669977266,108.0,0.0009027838833436198,1755.7033707865232,-426.14831460676993,0.09370351169305913,692.5396821913553,0.4511288210469864,89.0,0.031957727659442166
Yco8O7tmHlbsUBfKW2ywcZByGO32,1267.5150450099325,-431.8319549042811,0.001081253312533747,397.82048695375533,0.39398625334697207,116.0,0.08982561727791057,919.5852157750658,31.058516582095073,0.7615023059841983,305.07934451589404,0.32337548253686765,107.0,0.0008811080020015989,2086.583157052062,-1259.1604166689021,0.0011372062758698933,838.8150105986394,0.6259065849140675,64.0,0.15815904054895294
xHctBv4C2EU8rHYRouw0btT3GT02,1182.784299486816,-134.06350254225944,0.275066434700409,387.3430726246508,0.34604094688859155,117.0,0.010350336635486783,800.2136597168982,-100.67131617242113,0.2427464584326272,251.72705634021844,0.33512607253161225,104.0,0.01335386989519641,1772.2042852940838,-306.0880260840668,0.27594672194612807,770.6734940454465,0.4740530778441335,89.0,0.013627871865387674
SOhR7IO689NQCPQu56SjATO8FR92,1329.7943572087727,214.81966613869477,0.23244023818097442,528.5037535619336,0.3665923118580413,109.0,0.013298975492192566,904.9862338601422,146.61754904216264,0.18049976465802714,324.20012040482453,0.331467241952632,102.0,0.017863331421828277,1703.8094257424932,-463.07085148497896,0.09387028286613346,798.1094701181614,0.5444245287889418,100.0,0.028375738258260286
idP8RVfm74N86O0dszLXANIpjXv2,914.4200057599744,-128.47555148733264,0.3444399005527923,417.8343527696334,0.4891625953407997,115.0,0.007913628118241261,937.1071687072515,10.96858673121447,0.9045420393151935,276.22770665818757,0.29029312863529305,106.0,0.00013894681688869436,1628.5257990867851,-198.58333333145384,0.44351223202209555,635.5574086506475,0.4119490570306603,73.0,0.008293937356434748
mweMgSlGM2VxThhwnupYxYzUbR23,996.8803360173168,8.375225250903828,0.9490975512266275,412.3379764756886,0.4083534919324916,116.0,3.5907005388577714e-05,748.9960074753884,-54.17905198778979,0.435395403829811,209.52387754884217,0.28836718971504066,108.0,0.005750037872939351,1450.1073148147905,-515.1271296295986,0.0077926790275221446,493.0488363195423,0.4273221659158164,80.0,0.08730639264034618
9Xz1RIwnPXgyRqmucudW9VeuDnq1,1179.7219592027125,-140.10681975477527,0.41559914269798137,526.3829897416103,0.4710582958867873,113.0,0.005979498329975913,1299.010719600119,-268.16919224885817,0.06164074808230804,419.8715967494794,0.36333786752162955,103.0,0.034155177116874914,1372.4633540372722,-10.265768524192309,0.9634139616307988,538.4903836762528,0.3881860783374148,70.0,3.1169708035558005e-05
ohl9pXqpeSMfepC3w9h0tW5SbJw1,1070.9015350402503,-26.2188625676588,0.8614059545348111,475.8166676846635,0.4460227674585863,118.0,0.00026385727494180765,1296.579680598035,29.699898063189178,0.8151358828342402,383.673796708155,0.2899150207200545,108.0,0.0005180121834065109,1883.7811217557387,-207.94542537047042,0.38658926417290385,580.4900152765642,0.3238053534595848,72.0,0.010727923164072534
9l7DjYLs0XdgwykPZR5E01KTZfu2,1477.5304157652577,-523.6392674267632,0.003309450658538425,533.1589485850025,0.454908910906755,106.0,0.0799831752871119,897.6453604689325,-209.2199042269124,0.009498862199286365,237.97248631926993,0.3069072046391896,105.0,0.06351545508999894,1350.1906310937763,-120.2372392610716,0.7418992242715734,881.1511804434377,0.6750363830393531,72.0,0.0015593797693642588
23AEyocWhqY955WHbxhHRSgQ1ms2,767.7467725696466,-43.140180315757256,0.8013316281018354,375.2444811907418,0.49475929979676075,58.0,0.0011401075128375045,856.6129039885753,-112.28563165764922,0.0697671706848258,183.95306325063615,0.23137907420970674,107.0,0.03097807951061095,1628.719249522577,-483.6016345826154,0.06530672405131673,680.1396711097085,0.4964458507991526,83.0,0.04132164106759233
qZZiI6GzgxOrpQDGu42ZA0xsGEJ2,746.1012793658816,50.3147039822436,0.6965321352476133,404.20533057786787,0.5196700016638331,116.0,0.001339217890821952,1010.1283966257402,-253.55902463251115,0.003787659636539841,258.13723633957926,0.30137213314757905,106.0,0.07779772540746868,1814.899439372447,-628.1129108150209,0.000513148310599758,576.4850450365557,0.39954191125234617,127.0,0.09237313479951996
rFV2EUbp64f5ORSh7DqwmCQmeqT2,1843.4273273749814,-932.0000538262694,4.1936953661581454e-07,535.2960887041681,0.43436504411457305,115.0,0.2035265752894392,1200.4564209600417,-470.4242365807017,2.9650630937375878e-05,325.98051257594096,0.3634809486602078,107.0,0.15369696402287988,1769.9902212545794,-319.49324454551066,0.24972075177828346,761.4343453117585,0.4718801925366901,90.0,0.015026912889585325
bXpFswkI7TfIfL6G4FqWrbaxTGx2,809.1486464723182,-328.5883086932409,0.0013015632178503753,293.5355567391005,0.4760401443536749,104.0,0.09685255585317203,785.3326801245641,-200.22258472620535,0.03001931769027826,273.69605722815356,0.40428661081512485,104.0,0.04532529509491418,1130.855750915714,-179.1115018313994,0.211759949920365,394.31009437094593,0.3777911952338745,90.0,0.017662886960162903
XehZHBpwr5MYzUXkj0FAYCsFG922,1294.636227891717,-275.02064611515385,0.08882422675606792,493.127410745352,0.4271992244001616,115.0,0.0254093668646719,773.5167218261756,-118.79208387787962,0.07820302060233515,202.08326669156315,0.28447319342821736,105.0,0.029808002626182172,1545.228197242161,-395.8827091978655,0.013362035853475117,484.98074288231965,0.36736523380040004,113.0,0.05388176428459481
DAKDKPH698P12JfTbbjemLI6PIH2,902.9120523404073,-250.66743801553872,0.006199015927981648,286.7860115120897,0.377579623325144,120.0,0.06176573419070807,709.0298165093666,-149.12074413227253,0.0004098683389987468,123.72771760845148,0.20497304085362594,108.0,0.11161503175179767,1831.296082881108,-1243.5246745572113,5.348435083014973e-06,660.5651342583778,0.6239653196277882,83.0,0.22679145809030943
3WijiOiVCoMbn80F05SPYsxl0TC2,878.6512702720186,-45.917951942035046,0.6385013566588313,309.9075342523765,0.3594958599013168,119.0,0.001892672994239637,855.7144580451436,-27.138175350871162,0.6884385934235877,204.36966757880572,0.2406031750598497,108.0,0.0015228107136674694,1874.4119951513528,-821.3455684715675,0.003685067654104224,691.8656762087351,0.4967589154282272,78.0,0.10567296205162702
Df83JuPuJkXqTGbENhM2gw5SJM43,1590.1201007794402,-54.921894702891606,0.8547901545582263,550.7052969546728,0.34378675434127626,39.0,0.0009170995474080062,1122.7821274940852,-30.68775265608711,0.8175142707865594,395.0253886528856,0.3534229471059224,104.0,0.0005244121065264016,1806.8818181818226,-845.7613636363864,0.00026767656226466045,609.3085677987077,0.4703742044238101,88.0,0.14388824129221495
qnR5PLX1v3fPi6SwTJMwGcadwyD3,775.7790128211427,188.04612937895644,0.16685511339921394,407.55981308706714,0.47014799392332823,110.0,0.017619122540684123,1062.641682968158,-510.04698314038296,2.708143068075337e-06,302.8151041938612,0.41225889328797344,105.0,0.19324833813452674,1318.4356156323906,-548.1712312636184,0.0020446132903474408,454.9903204704666,0.4568410657082903,82.0,0.1127254278314272
DaRehVxIOhXtEtUExdgvUl0mKcx2,1557.632257291343,-123.02467747225077,0.44048725850417125,493.0007295173347,0.32751788181981506,110.0,0.00551964062418005,1459.7874522439722,-433.9083507299355,0.0012563642183938757,394.3667895246894,0.3300612409766639,107.0,0.09477310118200091,2223.8540326763614,-742.8393447216616,0.006106422606477353,859.2042916842045,0.476236036221481,122.0,0.060977130617147865
UbwuSMtBsHdW3Ji41opk3GInMqi2,932.7444296926766,-144.60254147981996,0.2795760592337193,418.9639658355178,0.48465035510498056,116.0,0.0102478670619666,785.299817552775,-63.58691571436522,0.2870500352948159,179.07053184659944,0.23664333589764325,107.0,0.010787213859439418,1026.5772631580344,-9.440831168951942,0.9470512498258266,356.51708366833503,0.34430139089279993,76.0,6.000109046034498e-05
cC0BEsQjfrcuCyoaOas9zJT0MNs2,1407.075810265016,-336.25738437264255,0.011629823653280068,411.4239601425104,0.33921229136184167,115.0,0.055017521454364525,1024.4183995777598,-70.14235472873565,0.43168168885980485,269.0697150352354,0.27022761842496873,108.0,0.005843394561506887,1199.5874104699485,-124.02648761292133,0.3177746854059291,394.1920448199263,0.3450825612136799,120.0,0.008458251315314526
Cbkx2NHyF3NrebzXGqNgSfiWent1,982.774462809775,-118.65892562019555,0.2747290407924614,344.81029756471474,0.3721553345414921,120.0,0.010101536114693528,875.2870918895587,-51.62312349268203,0.480042712465947,217.92590141362808,0.25480694792810726,107.0,0.004761447497206638,1265.6325117367114,-205.76361502490136,0.4607996671393012,684.3985841538139,0.5825619995311748,71.0,0.007909205254262811
Z3GikGkUkjMOa6UK1xdIDvuGRHp2,875.9039918530392,-62.26562184034806,0.6310038306108436,392.8831874164423,0.4617388862273125,113.0,0.0020855995495303453,859.0434023780421,-132.80202976840616,0.04318853020656672,195.29553459796233,0.24902411971035973,106.0,0.03872674572630141,1618.0988782766578,-432.97939151682647,0.02343998266605909,502.11522316524326,0.3657652079700362,86.0,0.05964818542004889
146QT9LupyU2BAiTsB3PMIpVXM22,942.0943473792408,-340.4175256190184,0.013214787514251888,417.24500397544915,0.5499719492944722,112.0,0.05452934879594702,904.9870330252845,-224.35766989216444,0.004225852993758979,232.1993180546195,0.3016545824848416,107.0,0.07532564788356959,1208.934365633797,-151.64795204604061,0.39310602546378326,453.06941595382585,0.3965550482745575,77.0,0.009741401746249014
tB4wPBbnWJUXeOC3Zxjph0Esgjf1,1176.2263863203502,50.23900525432546,0.7680827722893395,503.67577605708567,0.41558582113174486,100.0,0.0008914504509790563,1482.5387477203826,-296.7467014502799,0.04360284094082122,436.669238150505,0.331045439385866,105.0,0.03894582576547261,1806.2203497510434,222.83265546773677,0.3882419672901166,782.0755993488111,0.4057756152464916,107.0,0.007098421992154092
87w5Le0CgZhSfYAaOH3Xd2fc98l1,1314.686297256906,-215.2645477496797,0.14153217978699587,460.9533915668389,0.3821239428921486,118.0,0.018537594536430398,1445.009571244927,-150.24688829535614,0.30610074358282335,438.64676294974754,0.3188760596868142,106.0,0.010068860818115801,2570.7173578044885,-1433.418393763963,4.069707557423756e-08,723.5620788326194,0.4567057533522735,115.0,0.23483834368691126
HbydnnT1hUP3WagAy2TJAc6GqVs2,1218.0879476452662,-350.7575619389204,0.0024199781453894693,360.79358916694645,0.3568188459297929,120.0,0.07530941893903409,1021.4429663599165,-132.54704383182707,0.06781630820512992,217.51814529439028,0.22920310142255892,108.0,0.03111714507426738,1631.436282669249,269.59684932543985,0.42492621239476036,789.2947099466746,0.44172595395246295,65.0,0.010134315387105242
EoToosG69XMp4LTYdB6sB9WTrv22,1007.4377961368929,-170.73392563890826,0.09964444624119431,328.04082196347423,0.3568818091828724,120.0,0.02280969203835764,752.0054301658078,-48.16472857196182,0.35759928623385806,155.88460790559446,0.21293759794926,107.0,0.00806580434788705,1491.325440631173,-317.88361662739436,0.31261404235783696,702.8941854044974,0.5256456488359805,62.0,0.016989339965579955
1tT7dcLvf0bMGBdBWWYd8YkdJwr1,1185.9316373101792,361.4731294050998,0.037893119957986256,529.0589895203617,0.39208134575114456,116.0,0.03725916479833291,775.4700979259057,270.7199981048076,0.031535528086444074,374.4761273782708,0.41647103109911626,106.0,0.043687804295371016,1753.5809596942117,-503.94658810341326,0.05399250902168426,688.8738511576582,0.4650865946966153,86.0,0.04349039958233694
QbOEVCaZLUMOgltUdXm58oZOALv2,1159.6523688590232,-299.99052586631575,0.0025054247697403956,304.7633742777272,0.311447998603261,117.0,0.07669236135176236,1088.931615995349,-29.89153263728717,0.7672709845311201,302.62200317652065,0.2792183405338851,107.0,0.0008377662341075678,2339.727946188209,-992.305127285718,4.249125995191586e-05,664.2060449755065,0.39038483225204645,98.0,0.16091840336212196
PkpTH7pWpEOG9A86xSloOSozwTk2,1875.1089677615446,-714.7834391959727,1.6851163813184366e-05,498.18027459939884,0.35325230331419777,115.0,0.15174351590089466,1476.7909619696645,-196.0574791014292,0.08827066498277147,341.2489260546111,0.24873858344260139,106.0,0.027682703698454325,2519.077045844996,51.21900064825146,0.8760651287933758,1035.2068917230747,0.4031542820766944,112.0,0.00022210352521915376
8bwaafIhKVMNBoHaXFcY8HirS9u2,842.8493300164707,-76.17852284461095,0.38813777353228474,277.6980053063497,0.343357700472412,118.0,0.006427388105400829,753.2105062795537,-167.25844634075418,0.007838254388301909,184.7244412143463,0.283027722534443,106.0,0.06602639604190803,1412.027009844463,-409.31330009920555,0.11898286916581856,672.8066673146674,0.5605492029134249,80.0,0.030875469169483725
tv88wS5Nf6SjruozSmXJxQSmx6J3,1206.8345758630946,363.20717050125194,0.08891471216607233,616.7057137579494,0.44797111105578136,101.0,0.028951717465386353,1231.1910850201295,44.63941138129896,0.7015738489134963,351.41339389463405,0.2779004917799369,106.0,0.0014177186461979165,2165.929871532067,-619.5424288597766,0.01798372107629397,643.4149445543948,0.3571766531408455,77.0,0.07237945325448013
SPCT9D90pRa1ihXS5jEw6vCmquI3,933.9167516375684,-253.86223652303462,0.052459789243665456,397.90329639658336,0.4954720085741699,111.0,0.03406929176005724,669.0980817746819,32.58211039953326,0.661253388332135,221.95323465950597,0.32094933008170895,105.0,0.0018714389081822126,2677.4630143560994,-2354.7527638706692,4.0974515321436386e-17,698.9657287402496,0.6843385533960651,113.0,0.4726677574527631
3xCaqfcHxRQxuOlEzXz3PNcHODH2,847.4383110045042,-281.58099662217677,0.016848741328003503,370.0300022032947,0.5318911647025985,119.0,0.047846731147138236,790.5902982843617,-152.51283034251816,0.06431938300806667,245.52421718919314,0.34606345741777544,105.0,0.03283670740974064,1584.635557508899,-561.0613887094779,0.0162645822277533,541.5191911904875,0.42887971744710407,68.0,0.08437263680772893
BcCTlXWx6ARh4rBtkdWRgZH3C7H2,957.7487322662436,-43.570691298614555,0.695660420184302,351.8270286894797,0.37284282737989405,117.0,0.0013355636719899618,993.68588104464,-52.87969202166482,0.5125628771576025,242.86412811923955,0.24918675577651644,106.0,0.00413467274784401,1299.4748251788267,-51.14185816472353,0.7710352466895043,449.34145908638226,0.34831481469450365,77.0,0.0011361496697277831
5rXSa3anB5ejmFrnwUsTB82byup1,1129.2813454807429,-412.12757203863924,3.472479035153126e-05,302.38447604374767,0.34897967849494205,118.0,0.13790363001430836,941.8395174991301,-162.84199796121112,0.0884835761327877,286.79016334132024,0.3347865473619455,108.0,0.027129314713442217,1223.991436388492,-526.855813953446,0.00016764756806680352,359.87526429685613,0.4033940176288476,85.0,0.15772857499501186
btpcu1rB1JeSTo2upeHGPdv8kYG3,1190.9689253073136,-95.6528455294092,0.552787035119318,487.42359077577896,0.42289538760754053,109.0,0.003302923642630737,1134.706133191374,-291.53634046432796,0.014647160401393765,355.70475133046875,0.36654329946827624,108.0,0.054910854606993256,1599.9318456740946,-353.7878370877829,0.24210343234643086,711.4454316821976,0.4991435901228191,67.0,0.02098967799986337
zw1w9FipI9RjJsuhHse6UZavBxs2,,,,,,,,827.5486498842447,-167.3379046179957,0.03780922976259899,237.53622955512841,0.32322969476018165,106.0,0.04081944996788423,1275.7583638060232,-248.98772265849811,0.08332115097628229,424.17828975227525,0.3709516970938208,108.0,0.02802475137773461
IaTJhUGICmO9xcL3605RW8QHneN2,1193.6104890146419,-588.3593590522356,5.460911643655578e-05,425.4237690321653,0.504808836322218,113.0,0.13699049224606916,887.1476558895915,-300.33215320698474,0.0018201228000508229,279.54132029748513,0.39491235812838604,106.0,0.08965703365075606,1706.5701325214814,-874.6569317069801,2.772837801539597e-05,604.3470216776279,0.512671295195257,108.0,0.15338055823499172
kI0YdycDU0X5hcoEPjEON3Ionyd2,1843.597056572189,-400.44560320873927,0.056901319326096635,609.9928880884169,0.37536160121096285,101.0,0.03613670816340631,1045.2494223630533,-303.3469928689565,0.00731466191571293,335.84001632500446,0.3852553752443126,108.0,0.06591443426188798,1626.000846413962,-128.11126658246008,0.5950171946690377,620.3230166258218,0.393635266650714,84.0,0.003461125974098856
YEU5ox3jteVINfdSTg5ymqYcS9o2,837.4880666101064,-292.34235689287664,0.003599420059974815,309.7432140605189,0.460365669382304,115.0,0.07256800190990884,675.715838392955,-105.92909918123208,0.03616026289187618,150.084517509483,0.24371998293346314,105.0,0.04191946230618679,1967.9060461910597,-574.6716665257472,0.17820671404381463,1001.463249487575,0.5966361814253095,67.0,0.027708544474748468
GEwkBw3YHaNp3TCh9YS9PKVfavz1,940.9226345901263,-304.0529994896712,0.005022897273922299,337.45334968163047,0.4382812969346909,119.0,0.06532975317013869,752.9995483943126,-63.210615792473455,0.3860268566939179,218.047084573994,0.30040272037426635,107.0,0.007164734143459208,1688.2020111619813,-790.5411536437888,0.001528697711584247,603.6965795677833,0.4953358103539632,75.0,0.1293537161618943
EEodWwGh0wWq5f8JmzfKvq0lyeu1,866.0370475188961,296.1351833090558,0.04902857774084941,449.98828427443993,0.44774436498231873,106.0,0.0367406305124489,642.6129642690277,152.5099288475806,0.07074710995047742,248.21044767180157,0.3478924882234329,102.0,0.03228653388001926,1248.9190455909402,-464.44501290665,0.013837219062813827,514.8782597289602,0.5196249722285227,93.0,0.06475327654747591
c0hRe9PCPPZs3HWFqhIQargNlp52,1669.039290342937,-550.4337583193468,0.00031776790342336595,450.58550972112187,0.340624785791475,112.0,0.11163604068067443,988.4391355587227,-73.97055894022456,0.47595078847042627,309.6639230603388,0.3230884537925432,107.0,0.00485059196797497,1674.0287824071056,-275.01521189098656,0.29184265235110146,698.1324425161309,0.4520154677083146,85.0,0.0133772751314183
biQ16yPcCKSkJQhSxUKcDc8gm8I2,1270.1699858589716,-244.25308884487274,0.04477350992821865,367.68780539545986,0.32402797417901574,110.0,0.036767934063077407,1130.0761128073843,-19.265188580380773,0.8076049549226747,238.9469188291534,0.21133653173445352,108.0,0.0005619257244356365,1922.3775799537814,-322.69109739415165,0.12003106354970913,678.5924701347036,0.3860147444077018,128.0,0.0190737643804382
OExlWyngGfPrScDYjaRcv5PIAet1,991.0096006538756,19.432647399533955,0.9056291112168684,511.05460498962015,0.5063339755787516,115.0,0.00012492367783989967,880.6417431272781,-249.44459736875794,0.0010044801390397345,223.24040917476242,0.30796842411272546,108.0,0.09746445607416433,1485.659604773106,-577.6194103414584,0.05381110674523392,683.7407766502512,0.5815679637539941,64.0,0.05866833489086038
Rmd4rr2vGjOoLvdfYd4EdYyxK3m1,1130.0608402268617,-182.21834709575353,0.21857690892019987,469.7573301976985,0.4512590826602475,120.0,0.012799669854199437,1019.9643221121842,-170.7286442208363,0.0259865376703608,228.92958138701186,0.2484388699478694,108.0,0.04589692753409787,2248.2724026433816,-1293.3435756899325,3.840059175132202e-06,636.9530416684813,0.46139707908462213,74.0,0.2580291778705711
k8j7IpYfd8dYB0L1qyLCcrwoFOy1,1456.0178444058486,-658.1115706733639,0.00020882486494763305,535.1045651971802,0.49983084850425985,115.0,0.11504206036653634,936.5984031051507,-242.24495440083535,0.004325279348262846,251.5259864411792,0.3175926044647252,108.0,0.07426905599405277,1909.4689532514874,-463.3412724856731,0.10981016990605323,822.9931721464657,0.49265144192575255,97.0,0.026694221731547885
VwTymW8T68MfpnJvZ2X97ILqDWS2,1121.4509618189502,336.5002630006526,0.07073488126205152,560.4691901935621,0.43757864195781404,110.0,0.02992280837006644,931.1029284936247,96.84039415851215,0.40667625418792985,343.4194441298145,0.34808762034454205,104.0,0.006760161987958453,1559.1353507969652,-254.6731707344424,0.19058076438715876,507.40806923991096,0.3538222353039417,81.0,0.021586130544589754
hrRr560eFBNwJ0CcUjCqtSD8TdP2,824.0410376935166,-179.1449967747354,0.08182662147176394,319.2879748187948,0.4361178068735593,117.0,0.02610036363562075,752.4516479781286,-146.9662589194684,0.006287193255498414,159.61246970107715,0.24128195629443233,108.0,0.06831998868891197,1511.8001641581614,-678.1865314393119,0.0007832210177223734,520.8384546614476,0.4711943092181591,86.0,0.12635855767237647
G9VruXninjUdE9czK2DambZl5li2,,,,,,,,812.467790368499,-92.30816981090226,0.3112796102989168,273.2174037514172,0.35504736675901905,105.0,0.009952312935999743,2153.7813624084292,-1111.0616468630114,9.803723595800552e-05,776.9971205700803,0.5242084658944398,97.0,0.14833261763321687
0ZtXlQtAJkW6jS21vfMOtNL4OnL2,612.7668365761929,98.93529069788245,0.34908769345128077,332.02481107356977,0.4991690562938922,115.0,0.007763127711416539,748.0941859207323,-116.09064213997563,0.16325693326447416,249.65067410733099,0.3617814192466679,106.0,0.018605028529171192,1221.5414221483115,-129.9312019046235,0.5051808528911462,482.7126288889044,0.41309725027820676,75.0,0.006105751041353995
zxG9mUnF7uRkaOKSoCPsiRZzr372,1120.7666018974296,521.8892908536096,0.0001644566503097717,425.2664178019334,0.32490885227600924,115.0,0.11856702479332162,1088.6417922254996,-25.59989111084186,0.7746706403651549,269.3569716260702,0.24810277773541772,107.0,0.0007839037591513982,1794.0059586621476,-157.43743181515543,0.5190636696152471,691.5514547928077,0.3995896495807,92.0,0.004634434294499901
CUNlBEszJVRGK1jWlTaOaCqpDg53,1493.7955340978576,-769.4984478115075,3.6223244362586438e-06,444.34377442644586,0.4553248831646433,105.0,0.18884544679588053,932.329578661276,-286.6554536186206,9.100952531851342e-05,213.29840644212953,0.28798513169808626,108.0,0.13510944620468385,1713.0072432434001,-712.8616642957238,0.001136459307331054,525.9196651952307,0.41290276836270323,75.0,0.13589896999451365
06qcrpGKL6Vc3LVplFQC90VAcRm1,648.0134891920721,-4.44981281887648,0.9462981931950811,209.8361859426266,0.32219788280779693,119.0,3.894178573239538e-05,810.5265265044765,-232.3374260136278,4.638732384409881e-06,145.57371840430991,0.22956918094057568,107.0,0.18188819399284545,1393.534587126614,-624.9594181582111,0.003877752265926138,555.9586748566612,0.5353177344193893,82.0,0.09958563980192807
Jp6aXC9KLjcFZBaQdZl4i9dUscl1,845.7767351682038,200.60678059128801,0.11685918875200567,394.5359978129583,0.41793809080391775,115.0,0.021619537947710734,708.8876486509947,59.46544343764748,0.42146563155389394,223.11374373294328,0.30017615000276215,108.0,0.006106549330459316,1233.902404378835,98.95852457685544,0.6919787607185103,565.1014310358804,0.43351252306231264,60.0,0.0027257626926817527
g2G9l3no7RbeRA9a1W3JnfegTnh2,791.2590344994003,227.96722287339693,0.09007056228448694,418.2238470092211,0.46366798403485504,112.0,0.025896705084119023,1403.9560827058463,-545.4427469073418,0.0016895987472218678,494.8881332634565,0.4573485691808887,102.0,0.09433407590544138,1663.6101777372387,-631.3240685615825,0.005957878682756833,657.7572005167827,0.5024364328964533,99.0,0.07537713379423616
G1Ff3XYUZMRsPafyEQ80ussnVlf1,949.6245341412225,52.98497954894621,0.684970221591509,394.5575847626261,0.40089451386655445,107.0,0.0015737132907023995,1004.8171253711076,-58.65091741285551,0.4861544340759889,254.10406669922506,0.2586588887929172,108.0,0.004586793107434428,1795.566824109705,-239.74771072797836,0.22552910471212734,647.9508443658436,0.3858951654857055,128.0,0.011635528411636198
WnC6Uscb5VMIr43GASKiUCO3AYH2,750.1940202562624,-43.84662124348414,0.7266454797901285,396.44095028316303,0.5401115950381502,118.0,0.0010575602948964136,746.7634896376517,-187.70846075700564,0.0015966523140862699,175.4155164402249,0.27903777608858604,108.0,0.09011508815356445,1699.4645959684813,-918.8350821021439,0.0010504255920865315,651.317316818702,0.5649679586825145,72.0,0.14312547739524367
e7NIVznoeNMC7bBejXnMVvFNPfx1,1035.5843956082551,-179.7094969512827,0.15350807955607743,397.7508754470214,0.4206327352131825,118.0,0.017481823099156604,1013.0091140342745,-233.55720536917826,0.03513812886815999,327.5625021089482,0.3702368107715058,107.0,0.04158270237030284,1825.2217815437236,-663.6343021028541,0.08391118860760932,908.5310733718038,0.6183804570836594,72.0,0.04207228341158954
kgSRatooJJfDaMZ2yIURqb8aJuE3,1090.9284022043703,-152.82347107466222,0.24504765669692155,417.1202365089736,0.41006220496260287,120.0,0.011434559128270173,920.2999838390795,91.68793113057804,0.5424169452645418,449.30315032639163,0.46168152047393896,107.0,0.0035446482086674185,1516.7251748249248,-378.8466130879114,0.19741352291500303,682.052036388678,0.5137916769448798,66.0,0.02582334629928293
afdTz6deeYWf1qKNdUpKAYKN3hz1,1307.5067799781064,-152.97364662042892,0.3819803984695246,535.1933539766773,0.4316149575197016,110.0,0.007084628804649559,904.5992778351797,112.61165002023473,0.3639954869084857,366.1094178614302,0.378989982125243,104.0,0.008085834616642432,3858.060219392582,-1658.9505003231645,6.689944552577973e-07,930.1067730489835,0.34839493993766557,101.0,0.22178806112096525
sqfXvh6GJLaYAqr3RvHrixP8IOx1,1371.7058704696835,-38.779091818252994,0.7853614570472853,448.08619925357664,0.32852219048458065,116.0,0.000653246742384839,904.6070154012739,-23.777552325467095,0.810612071005075,298.12240297231665,0.33086603251764796,106.0,0.0005546767019218207,2054.3948870591453,-630.8069177363392,0.05877050841054809,828.162202902372,0.4833007344103325,75.0,0.04806915402864839
rNe3cRPepZUXbJhmmfQZiGsVzX22,939.5652807248632,18.97917826055038,0.8876174207003145,419.2342275135452,0.4379319548048631,115.0,0.00017750466338272108,1018.5269452959624,-102.7742609596459,0.2741492449012182,283.09379109630675,0.2916375982953011,108.0,0.011271057050278496,2155.3154921188757,-1229.9378310686432,4.441408968541697e-08,622.1939823803172,0.4651424608882971,109.0,0.24508752638199977
o4jXmZcjtMVF2ZInToRpVHUhpdV2,773.322849597693,404.39065999412156,0.007952130860296969,470.15759860893615,0.4939340465695575,118.0,0.05916455925851106,1116.9643051549767,88.52324156574034,0.5410883942200345,437.1503890515424,0.37361474527621047,108.0,0.003534228531388827,2061.6349632364036,-450.93724000124286,0.0675377718283447,611.343316198001,0.3362665652204016,73.0,0.04629407112343548
UK6MLdHbCaS4xIz2f3vGdpkbBzG3,623.0995284748707,-7.290488713910407,0.9222898108997197,236.85329269509253,0.37913087341673757,118.0,8.238507743936681e-05,689.3335455711559,-170.15345747478878,0.0008411594092431254,148.82105832834378,0.2575852622512415,105.0,0.10305097497869667,897.5449127932404,189.32579941342598,0.34912741914032697,663.1166543328588,0.6654023859401282,128.0,0.0069606588610936675
cfoKz0AGhvYmW0DJmVKAZ01jh752,704.3607953330433,174.67276673234628,0.20075540361676375,419.0676153698165,0.528137387547706,113.0,0.014703898550036829,629.6032306685819,39.588586508294384,0.3915856848868826,139.32278326316504,0.21326967044126324,107.0,0.00699933217347038,1005.0539460477535,-8.25594406337533,0.9513328466488712,345.9740420920417,0.3411439569575378,77.0,4.9998153343255247e-05
PXesLO51qlY7lJBrLdOAZiHmUR72,,,,,,,,1437.4495135031066,-263.9187421645575,0.16098111277983343,534.3813179363584,0.4104093097153659,100.0,0.019951541001242357,3183.601777362596,-1057.5865773298358,0.041239954175390815,1336.4071540335513,0.5219658347922682,89.0,0.047020039145603376
KtKj6zUKc5Oogd2itg2jdwkchnf2,661.5991603944432,-4.032246849389954,0.9623996710600686,265.3789454147966,0.3989435670372582,118.0,1.924130884456101e-05,707.9703292715399,-197.19548137494854,0.0008932966159698959,173.86204209902672,0.29820804924947236,107.0,0.10022263407266069,1472.7334690191735,-682.4366350080439,0.0043391682785016705,549.3877513749451,0.5097486482763274,66.0,0.12024636387824303
C4HWhqUIJ3Rl6SboyJGqlrXFAJJ2,858.3860146027542,-42.50848484970048,0.7172546026443619,365.20741152346886,0.43272987925174633,116.0,0.0011547255981761537,883.2625356126325,-46.76551806390752,0.5801229167942223,253.24900441272692,0.29212398356739927,107.0,0.002924253020673226,1958.0800623279179,-356.8639299998052,0.18268085135088502,749.504320179155,0.4220850170951449,100.0,0.018046877220532682
50R0P1MIMvRvK1qpqfGROchII6R2,1153.681552914051,-589.9789341353379,4.7516635081011e-07,347.54481029092926,0.4489674030303617,115.0,0.20181885888229753,896.1704824712679,-169.2485585239937,0.04790810571864436,252.3529422691576,0.31413781172705146,106.0,0.03710195270595107,1358.7342659926344,-412.1732194912295,0.005628976357553967,481.6119977630741,0.42740908725078985,128.0,0.05924935654021329
