participant_id,stroop_exg_congruent_mu,stroop_exg_congruent_sigma,stroop_exg_congruent_tau,stroop_exg_incongruent_mu,stroop_exg_incongruent_sigma,stroop_exg_incongruent_tau,stroop_exg_neutral_mu,stroop_exg_neutral_sigma,stroop_exg_neutral_tau,stroop_exg_mu_interference,stroop_exg_sigma_interference,stroop_exg_tau_interference
06qcrpGKL6Vc3LVplFQC90VAcRm1,553.4321957173951,88.22131633647811,129.2446206672264,565.358136224493,60.18746517906967,166.321489131413,539.1562096636112,67.81288703689607,130.98812078595265,11.925940507097948,-28.033851157408442,37.07686846418659
0ZtXlQtAJkW6jS21vfMOtNL4OnL2,503.0086195186605,68.55810358397859,120.45560749022988,483.5277483993613,69.44131550419506,233.04231037087095,450.56655388558045,10.0,278.1856520422729,-19.480871119299195,0.8832119202164677,112.58670288064107
0d841i8KPjdjwCYfDuUUXj0SEjH2,622.6330985575368,121.79472919205246,129.28902703714735,748.2902880174246,109.83105459625966,282.09121902511623,630.3133496964773,133.93346005626586,346.7857338217774,125.65718945988783,-11.963674595792796,152.80219198796888
0oa5NYVnIBS9NmrmRAZrahXDctP2,425.2190617040743,59.936698275386604,132.016291002902,399.5401677897119,38.11791846492789,158.09384831412746,501.39082225163645,108.59695901868574,34.823542294496995,-25.67889391436239,-21.818779810458715,26.077557311225462
146QT9LupyU2BAiTsB3PMIpVXM22,719.6151743079349,193.45392263604546,43.10002822520409,710.128773162665,187.97672789062386,172.652799063197,525.868948817035,76.6343788536928,210.0498519168617,-9.486401145269951,-5.477194745421599,129.5527708379929
1Vb7DcXYw9R86bw5qj9eBk9fPqA2,845.9334787274848,239.24739637434922,239.8895063143262,824.967476570414,254.43975091955843,395.28513209715794,798.1039042571555,260.40439992084794,427.50228839087004,-20.966002157070875,15.192354545209213,155.39562578283173
1dpmVw8fpcc2IHs0s9WqdU8Yvi53,849.6438120555024,170.87920907216613,11.18704364170474,805.3387536172947,139.79442423018742,287.64203953600907,705.2534365340696,141.2252661554946,174.14891330701823,-44.30505843820765,-31.084784841978717,276.4549958943043
1fbLQPCcysVlSKup96K4yI5NX6G3,686.8430249067598,230.7890072688006,243.88074782843003,711.0518226250309,192.9093537568118,262.2824951126794,869.2487050374523,238.73942339876123,10.0,24.20879771827117,-37.87965351198878,18.401747284249353
1tT7dcLvf0bMGBdBWWYd8YkdJwr1,610.268138402418,31.882646197627587,376.45945750770795,518.7999711784157,10.0,386.06630130937793,511.53686722149166,52.538185504223286,326.98369855018404,-91.46816722400229,-21.882646197627587,9.606843801669982
1upUBO9zBnhHcpJ1WoAnaBXWKRV2,646.5297821175601,141.33041658982313,223.83556380734382,712.3626867104704,155.0958256160444,301.0400246659423,658.2262021691433,156.36696828399843,264.8179746091555,65.83290459291027,13.765409026221278,77.20446085859851
23AEyocWhqY955WHbxhHRSgQ1ms2,728.8138001791189,118.75884214754628,24.13792164058476,608.2629345015748,45.44882006560264,257.7422878089574,701.6485609636989,103.79069362410542,79.01784273719743,-120.55086567754404,-73.31002208194363,233.60436616837268
23hG7h2ByUZDbmOMTDtp0HT0xRb2,644.7890410200653,111.22259032273442,344.34589024541674,681.1623908655861,193.5395862592167,681.8876936874425,744.0407143670101,162.27973306348127,318.6721186854965,36.373349845520806,82.31699593648227,337.54180344202575
28nQWMwCaSNFBEXlicY3eHqpwKU2,873.6541051126823,126.17939371065307,171.81202220986697,808.1925597352803,121.17805996870688,350.5658051337654,797.2441598909417,94.70772131950257,245.88027394378264,-65.46154537740199,-5.001333741946198,178.75378292389846
2FHuv7L9nWPdbIiWHRIuXtcoyw83,1085.0677545920967,288.3827200648401,11.197443098835002,1181.3716491725256,339.02566222869183,196.20904714762216,878.006684149042,202.95528379548182,403.1729611641407,96.30389458042896,50.64294216385173,185.01160404878715
2h5FgHUEvBS1twD5DqbTIRrMm1f2,519.2409897808284,131.8925932246314,200.7938703432729,496.8544268769689,129.87419676074458,367.4369753190401,429.04814801968774,26.43313910559393,302.56372453233257,-22.3865629038595,-2.0183964638868304,166.64310497576716
2zDXvJKvjeejeOSNbtDbtSI5cdz1,605.192279202873,119.50697625936272,108.31910504872177,846.0698880439522,225.73479857681232,12.915836146187225,622.3450361225424,142.59610455599542,84.6320771437809,240.87760884107922,106.22782231744961,-95.40326890253453
3FSnTCSiUodLp5u3bE0xaUjLk0b2,679.8894177530387,123.499270617021,143.0485485027505,691.2369739020381,135.0733733589626,187.5156541602564,687.6362235179107,124.48922448722878,174.91871855835734,11.347556148999388,11.574102741941616,44.4671056575059
3WijiOiVCoMbn80F05SPYsxl0TC2,650.328025156165,48.67661269428042,180.21547706840263,650.6956684378546,85.63753803261415,223.60169902673994,655.8999350557177,59.43495896328391,165.71496363778874,0.3676432816895385,36.96092533833372,43.3862219583373
3rlzYufVjVVLv3ZFLcpfZUtXEEi1,495.93712836284647,102.61765319402211,111.89625349824263,456.08266112211777,110.96539241014477,256.6974756821887,546.4273709346055,109.07393825059336,146.04998127344032,-39.854467240728695,8.347739216122662,144.8012221839461
3xCaqfcHxRQxuOlEzXz3PNcHODH2,540.9693132781837,131.20624354484494,116.22664293234334,545.968281227289,134.9090085314148,181.47915154846814,509.17959298889775,105.00254894430937,252.72637459797258,4.998967949105349,3.7027649865698606,65.2525086161248
4ySuGdFDDmaAr6JUXbD4UIY6BQ13,644.0847611037102,122.66337652936184,143.5100802785836,736.9995210614229,173.95842852000118,229.11831809388667,553.4601151631032,106.89168290971419,175.90156690255768,92.9147599577127,51.29505199063934,85.60823781530308
50R0P1MIMvRvK1qpqfGROchII6R2,759.2539776839436,176.32843050512895,10.0,563.360697328602,149.78867708653817,303.31360947647465,631.4054065884792,140.26977876324028,168.44138128098652,-195.89328035534163,-26.539753418590777,293.31360947647465
5OOi73igsahMZ5IVKQwwyhnj4Cn2,671.0770566145624,69.02592391887437,113.42264005108359,923.921100443155,210.8247848854614,10.0,645.8059065928238,107.86134791407335,138.8742466597767,252.8440438285926,141.79886096658703,-103.42264005108359
5Z68AKm9rIeeB2lVu3nJO7U31wk1,550.0795295505053,126.17588944352786,35.44957653163551,436.2265948428745,91.96943530146125,145.15404569773472,413.6900831736975,94.16512220473761,197.85748260750648,-113.85293470763082,-34.20645414206662,109.70446916609922
5rXSa3anB5ejmFrnwUsTB82byup1,588.4753872639914,75.23918227677295,254.36465622687265,893.9288314309899,280.07481957954224,97.18243181728418,518.8112612336674,76.8896876693615,228.49504228857967,305.45344416699857,204.83563730276927,-157.18222440958846
5zxa5CMLGQSSonWOXqXf0QNS3PH3,489.65429895929475,61.46603065195747,87.17436011809623,432.3577356160822,10.0,272.7978859897978,539.3786001871011,61.81573760092389,98.98249019877393,-57.29656334321254,-51.46603065195747,185.6235258717016
62fAfeQc27bZelkPX7G54T3gvci2,771.0257048756888,140.81466233813418,196.84892779920702,738.1607142936299,182.81273495201026,419.44122167590956,706.1453109229113,107.14802884680121,238.60845281655511,-32.86499058205891,41.998072613876076,222.59229387670254
6ABZuv4jbjgE0B8TeyUk6nwVb122,800.6920869112042,20.477080246350596,208.2025339536952,887.154911427436,167.2231078241504,236.04745588684122,983.1567793449873,128.32356237960983,42.8995003212175,86.46282451623176,146.7460275777998,27.844921933146026
6OwhwWQDThSPHTVAeXugohrYuje2,626.2169246599299,10.0,290.2822039902484,1201.1340288132412,321.17407147842954,54.98942101222482,712.6871907524708,158.55094754883595,265.8722523139337,574.9171041533114,311.17407147842954,-235.29278297802355
6WFCyGwk71XLPBmbe4Vav3eotVm1,572.3182843301363,79.9297628737785,113.35146678986861,551.405161817404,77.62299636072208,164.74790154150958,618.9759133751412,71.93659847030935,27.91586057735073,-20.913122512732343,-2.3067665130564166,51.39643475164097
7cvQFrzIDEVAkFCcGAHZPUvJ2MF3,928.5273185020993,186.88585617642414,105.9946462292686,992.4240769777467,145.98214337120157,187.73523338106335,966.8001577329987,227.14119539567437,229.55561622915974,63.8967584756474,-40.90371280522257,81.74058715179476
80UJMJbCOMgs6YVpsMgXfYTzw6o2,672.7784000626905,138.34979929357408,26.56326660410036,763.4759549842844,151.67228525737775,10.0,686.1167636574806,169.26898693670935,81.73203483229196,90.6975549215939,13.322485963803672,-16.56326660410036
87w5Le0CgZhSfYAaOH3Xd2fc98l1,910.057002805002,238.88330656347168,461.3673683635034,964.1625782665043,89.8633965681928,497.35577198406196,968.9244032637309,223.45107176273308,303.88424206103474,54.105575461502326,-149.01990999527888,35.988403620558586
8bwaafIhKVMNBoHaXFcY8HirS9u2,512.1596242731694,72.3335163564199,150.65398976090242,463.4341998535867,57.289647597655296,223.56811087316893,522.1724390605475,65.86926235039486,135.8602293267268,-48.72542441958268,-15.04386875876461,72.91412111226651
8cOQBMgQEYSlJ4CK60pFMmBVEBV2,658.5479972642039,144.05216812558308,349.39943832690795,798.9564055832815,167.36561944436366,526.5141840253331,802.293956806589,207.276978757394,256.43280902694613,140.40840831907758,23.31345131878058,177.1147456984251
9NTZ091xWyOO8DgzyTGY0O3i8IR2,474.7503890122818,10.0,346.79256523091954,825.2350419613194,199.13367142112168,16.820322703372778,758.9916333805602,172.26288134503565,91.23483240578214,350.48465294903764,189.13367142112168,-329.97224252754677
9Xz1RIwnPXgyRqmucudW9VeuDnq1,685.814796375886,119.50280650422222,371.6795186474537,919.5397765968439,164.439579552843,363.36492230691687,709.8606403987587,94.12570755400591,453.10705652353766,233.72498022095795,44.93677304862079,-8.31459634053681
9g0uWFg7uhR46Q0VoG6MzqHOUL12,645.6404308498637,148.77297295985065,406.28188249301104,809.9434290806273,246.6426828769384,457.8097359140232,813.6031216003291,280.17263395639617,187.60008228778915,164.3029982307636,97.86970991708776,51.52785342101214
9l7DjYLs0XdgwykPZR5E01KTZfu2,620.8137659780958,120.53980978094404,115.59646802759104,522.5256432115078,21.79779571540183,352.40030840491113,584.768819929165,56.43008944453384,191.42974409932452,-98.288122766588,-98.74201406554221,236.80384037732009
A9AEg0g6c2P1Bk72HLmnK3oWJ9B2,604.5689652696087,54.065003066890185,229.04583672011077,497.4775134289736,43.95408291988173,463.3888023808653,546.3556778436154,62.92475941896234,242.51007900765723,-107.0914518406351,-10.110920147008457,234.34296566075452
ASGvwW80q7VY7xFaLGZhVuErUQu2,768.184652206877,105.7555242263201,10.0,914.8464023807073,198.96341519107938,10.0,812.7320139221059,182.88637561203157,92.59082712455499,146.66175017383034,93.20789096475927,0.0
AUKCfn4HzgVB7m6LNnh2gQb7G5s2,858.4255569151209,245.292348930956,74.87200337414095,730.0312357476481,192.3743863013776,291.83622958780046,601.1564069059008,125.18870314605651,307.6843396973128,-128.39432116747275,-52.9179626295784,216.96422621365951
AsXBOflrszVNKoFqbN61bMJqS0k2,505.2824782456713,88.37499081881528,220.218842570857,610.4878935001279,139.84314383984258,204.19740273281374,542.1169570527816,52.18197822519035,211.8906935283639,105.20541525445663,51.468153021027305,-16.02143983804325
AyAnuCaltBbpEYbudoyNzTvXlcC2,672.160042784002,51.28076355192571,254.55356041760928,739.9647914754585,110.17215773264735,413.4850797263135,688.4315246660045,114.75648698179947,266.7212303844729,67.80474869145644,58.89139418072164,158.9315193087042
BbwUTWswjtPWhb5DvLAmh9Hdpyl2,586.7720458203215,108.89835106461572,173.25083501614466,670.9915931598938,180.39309428108203,253.6389314501187,558.7860383135882,91.7792100829779,242.34112657180611,84.21954733957227,71.4947432164663,80.38809643397403
BcCTlXWx6ARh4rBtkdWRgZH3C7H2,682.8440998320808,78.58971334824268,152.94497802408537,1037.9427454519098,106.83035456439725,150.40704394940465,880.3281508827375,203.15971469716615,10.0,355.09864561982897,28.24064121615457,-2.53793407468072
C4HWhqUIJ3Rl6SboyJGqlrXFAJJ2,789.2496786082164,212.0245535422942,103.66569039953276,756.830598918068,212.65001483039632,151.2864273145479,766.7662420098982,232.62683728375387,10.0,-32.419079690148465,0.625461288102116,47.62073691501513
CDEoAyvS8feXLKMKsaZah9agEhF3,659.7401999704805,75.01573649527516,85.87872143962504,645.2038580056267,134.01886926054422,294.4968103692534,675.4537403433585,132.0064998798783,151.83860350753773,-14.536341964853818,59.00313276526906,208.61808892962836
CGyTPhevTbSvVnZ8qSP0NtWuhgw1,611.1662433967509,114.56791721557535,292.13557416828894,747.359124529484,158.6910769110277,553.9513054418204,666.3333318300106,148.16073541974563,306.1709612565426,136.19288113273308,44.123159695452344,261.81573127353147
CN1ySCsiSLN4m9yh9fS4s5p6T8k1,757.7801840955412,137.11244576626217,161.90070955543527,672.5432982334804,199.4916687778942,329.50029024889193,710.4204244135858,143.0907075846722,152.3163697747113,-85.23688586206083,62.379223011632035,167.59958069345666
CUNlBEszJVRGK1jWlTaOaCqpDg53,716.7306863024545,185.46485657492593,28.591535919912662,611.3598682538681,119.15633405430093,232.86840296592257,601.9217219979347,145.3297035025655,175.53653242211158,-105.37081804858644,-66.308522520625,204.2768670460099
Cbkx2NHyF3NrebzXGqNgSfiWent1,641.805507312243,79.72144643478109,122.78386102232076,720.2828093423356,29.350617330295336,249.8174678839409,750.9402374530683,185.62333982616045,61.094986038234886,78.47730203009257,-50.37082910448575,127.03360686162014
Co587hoelyeANqFX7AYvuVQW0lZ2,420.7842783555611,106.05868730626493,221.07657751063536,475.52462917432894,113.69518765460185,193.1991586607467,475.0817891686492,112.8883002324837,160.56116548268278,54.74035081876781,7.636500348336924,-27.87741884988867
CtJe4bZZnYUBNrcPk00d3YQFSGp2,656.0843001430078,152.88688888428075,85.66525756247196,803.3373154001782,208.3127851860432,46.33824869680846,697.334950710045,129.99255644370427,88.99650582268049,147.25301525717043,55.425896301762435,-39.3270088656635
DAKDKPH698P12JfTbbjemLI6PIH2,536.7656424071475,40.90751513898548,62.42033217517879,506.06175309987856,10.0,158.68346615880168,539.4087923522073,33.592678510625795,100.06684884977919,-30.70388930726898,-30.90751513898548,96.26313398362288
DPvStUYSmohmXwFwaKRqHv89R3k1,644.7511949627986,30.59723814984071,269.94299881553155,774.7378722778877,112.38432926362995,357.86115587435677,667.4844934449357,91.92739136363423,272.42175045008156,129.98667731508908,81.78709111378924,87.91815705882522
DaRehVxIOhXtEtUExdgvUl0mKcx2,742.820374585838,141.55411541923652,305.1906377609084,1492.2170611846568,433.5165912370494,36.58228433290241,892.7183777630894,165.15019335454699,270.6741792606852,749.3966865988189,291.9624758178129,-268.60835342800596
Df83JuPuJkXqTGbENhM2gw5SJM43,617.7634705364337,94.64859486405585,266.7699898001043,831.9124413137563,10.0,474.41770329492925,821.7267292978705,159.21719280065187,331.16460561593317,214.14897077732257,-84.64859486405585,207.64771349482493
DxSidjznjVSNDJuDqqGgxpMEGtw1,991.3190043230679,235.02628306773985,61.34494140526141,1148.2187525859283,262.45997864371316,45.14522725636677,1026.110065897416,272.2014341622167,41.19271185651997,156.89974826286038,27.433695575973303,-16.199714148894635
DzB19GqCB7fyrlEPexogWkjFzEx2,840.7312345420598,138.8375177300447,310.75976806463996,926.1940834121278,106.49357222791329,405.88538119070057,928.968861494737,256.48334359949706,312.02257855795574,85.462848870068,-32.34394550213142,95.12561312606061
EEodWwGh0wWq5f8JmzfKvq0lyeu1,517.644972292301,134.23101865209566,143.83764046455158,574.1729849223158,139.8668941537006,240.31452797416523,516.3907300789297,150.55526298780916,165.33362690703973,56.528012630014814,5.635875501604943,96.47688750961365
EUhcW9kURScie1DwGPHqmNqotJB2,884.1010601590532,171.48976593365424,193.88864703683512,945.7044015539218,254.33899884458873,262.8539733067334,901.2259769692287,167.12145389466502,225.85203515533095,61.60334139486861,82.84923291093449,68.96532626989827
EmfmKFDgWJdW47a6CNTNjnbYaPh2,672.2086560694393,126.37272078831205,141.80630415160132,900.7092844503173,227.11240030866628,112.15641444251284,711.2887798191679,127.29876444521908,170.8433437468374,228.50062838087808,100.73967952035423,-29.649889709088484
EoToosG69XMp4LTYdB6sB9WTrv22,573.1282391074584,116.56604710231397,120.18276418132089,630.3349838934603,113.97299866902529,128.19332314491578,656.7358133109726,63.293647327248614,75.95919956964356,57.20674478600188,-2.5930484332886863,8.010558963594889
Fz7EUjZCLuUBxLDUVtN6djaBTy42,814.8552665105236,74.1059430260984,127.97621672245862,831.5871112027831,194.09773170411367,200.01500039558604,966.4514159074797,207.8667297711095,10.0,16.73184469225953,119.99178867801527,72.03878367312743
G1Ff3XYUZMRsPafyEQ80ussnVlf1,703.7230062545892,18.515249260157713,254.55780253024216,904.1966529727757,198.09019309813868,209.38412103695313,795.3560666871647,105.44329688507744,59.23951806438315,200.4736467181865,179.57494383798098,-45.173681493289024
G9VruXninjUdE9czK2DambZl5li2,547.8749848667545,117.81256892539953,149.0141972223597,488.1961747659822,140.63083135377263,321.84732077907927,546.4911931216216,108.57851265000328,247.7623109877605,-59.678810100772296,22.818262428373103,172.83312355671956
GDZGRW51kbWtAdUIHCtEd8sAtqY2,755.6557960934414,121.5061575760218,195.3724822045578,765.7987011956177,64.8559508405279,175.32219766188342,779.6463205262733,59.714177669518044,201.57169120820416,10.142905102176314,-56.65020673549391,-20.050284542674376
GE4hogtdLdTFbNasENgtm6SO3hC3,774.5744685805428,228.24986419709933,325.5746944646983,1256.9418905797788,358.4246558441882,10.000000000000064,989.3990874139848,267.68794128211204,238.72305763681405,482.36742199923606,130.17479164708885,-315.57469446469827
GEwkBw3YHaNp3TCh9YS9PKVfavz1,673.7425902366329,137.5015957144837,10.0,574.4732736862238,172.30532972054544,213.09072112988042,525.6199579324389,138.29660707633977,166.88918670938082,-99.26931655040903,34.803734006061745,203.09072112988042
HSggdq91WiQp16bOj7V3dABkcgk2,670.3171689646348,154.53005756307851,10.0,524.0551771897494,160.1752104479194,235.93941079849463,603.6300661612149,138.9231461296757,114.88341326812333,-146.26199177488536,5.645152884840883,225.93941079849463
HbydnnT1hUP3WagAy2TJAc6GqVs2,815.4226103145289,119.5307510094302,126.710531747408,762.8607855440271,90.73912540411992,245.77395451298383,736.7521789125083,72.31243172084002,177.9830181829176,-52.56182477050186,-28.791625605310287,119.06342276557584
HyQM2xKwwuVfqidmRYF6TiRk90C2,604.4133191272396,185.97193416211,31.394627885189266,507.064220813585,120.02502579783176,171.95468756605956,491.647842901142,93.06161685983545,146.14237279205497,-97.34909831365457,-65.94690836427823,140.5600596808703
IaTJhUGICmO9xcL3605RW8QHneN2,632.9331187399972,168.2046248784402,10.0,784.1069290761468,247.5356041988708,10.0,315.90285310430176,10.0,450.7280418298492,151.1738103361496,79.3309793204306,0.0
JOBWLirr6KYf3GXJ3jPFKmd48S93,673.7350501817889,153.25590726079207,234.71712669178186,768.5300160721889,179.21757494338704,213.80787446598916,690.4868837318172,147.08095524582896,270.0459070010652,94.79496589040002,25.961667682594964,-20.9092522257927
Jp6aXC9KLjcFZBaQdZl4i9dUscl1,551.7282854406909,58.752954966705616,151.94208898123807,543.7284068243848,72.38062465538108,252.47396222931158,568.4207365945267,101.84215411303475,147.551333339709,-7.999878616306091,13.627669688675468,100.53187324807351
JvrZiMHtAfP6gvQtlevYWafKy0z2,890.8706603210504,213.08846188495417,304.34642380973986,1383.881376853145,364.7488304172327,10.00000000940981,1068.0442015477352,267.2518662496417,149.43282175030737,493.01071653209453,151.6603685322785,-294.34642380033006
K26uNuY0VNPjJNF26wEx3bFg0kr2,525.6318468283312,49.230343821384295,178.89179135219433,619.5670424803855,110.49208514415999,173.80880319378429,602.3524287680284,75.25039295542385,171.76434348165654,93.93519565205429,61.26174132277569,-5.082988158410046
K7ykiXe6CqQUKpEzs2nYrMTVuDA2,604.3946967781242,106.36170909850605,97.10280289204461,603.2891121805947,95.85989259989053,180.63184692532909,648.4687426800276,89.78563886243253,73.08685550824964,-1.1055845975295142,-10.501816498615526,83.52904403328448
KtKj6zUKc5Oogd2itg2jdwkchnf2,425.8590437321245,55.564695738677685,137.0177634597545,581.3729179941967,207.54462280393952,107.49747068745808,479.7664373751835,67.33008030306364,97.30268118262273,155.51387426207214,151.97992706526185,-29.520292772296415
LSLmd8jENtONZFVkIpRDX665Bu73,766.4231982740226,147.50633831814577,92.61762656772213,877.9567999964066,201.90713655865704,211.6096704598536,677.9961811729255,189.72354611295526,283.8366550227506,111.53360172238399,54.40079824051128,118.99204389213146
Lhv9P8ZrkDSIB7BGwooAqfu8SGF3,589.7343330330003,77.0653962846429,127.56866320176279,597.078815653821,77.19129898190909,121.97916826321739,570.6475357807603,52.50420473616952,96.75689922469813,7.344482620820713,0.1259026972661843,-5.5894949385454
LliUMEIsrCVZ88YFQfevan2Og4z1,397.0445658165881,53.56263296439674,132.084105418123,437.9688761422488,10.0,198.0632075459756,393.2524793804062,10.0,195.4640046798157,40.92431032566071,-43.56263296439674,65.9791021278526
M4Km1Q2P2oPliChDQkwl6k20FUI3,565.7748467151816,65.53455101651099,110.54917966075263,660.1975304298865,72.0183564941511,176.56769776723044,566.0937777081296,55.168754132329944,140.82237614872813,94.42268371470482,6.483805477640118,66.01851810647781
O61Eik2zvrSQLMNpFbTNEgjWwMr2,600.074289719646,107.52432115267877,277.67305506339153,773.3172911939105,241.89850642539557,10.278296028346785,647.8687164817889,178.06686560059637,167.9128509208495,173.24300147426447,134.3741852727168,-267.39475903504473
OExlWyngGfPrScDYjaRcv5PIAet1,478.0668994315997,65.44585109612332,195.4857241657373,606.7457564275394,139.41881621034923,261.2875946623116,710.5506276271132,153.74118852591664,15.624107925819212,128.67885699593967,73.97296511422591,65.80187049657431
ORuVuFPU5idz3fMoXTGsbwToW2j2,533.9977544337621,47.796961586181055,256.36304703004816,573.8657379316418,10.0,187.67529629336875,580.149672464498,10.0,234.39988326188663,39.86798349787966,-37.796961586181055,-68.68775073667942
ORvIk1xRWIQmKuLVe6GXNouvAXx2,580.1887795727979,98.24279568924865,242.80015989241946,772.1842284652623,128.64737244679634,343.35296778767673,602.59837427549,61.770266846350296,367.497603935803,191.99544889246442,30.404576757547687,100.55280789525727
P8mTl71XaYNvFMTCvlKpzzUdc9W2,673.8011254914578,82.69109703279051,159.0235860124934,743.1549164926035,104.84194017614453,264.5241716358657,779.7781245645078,160.3969582043272,108.14324088723848,69.35379100114574,22.150843143354024,105.50058562337227
P9bS6GGJcIXivbMWo4ibJ5jgUPG2,604.4214139615938,132.80175309726818,136.84761273852084,768.5526524928339,269.589471676555,397.29268915965133,564.0904861012009,160.16680892409735,399.7684986179344,164.13123853124011,136.7877185792868,260.44507642113047
PLreonkqaMeFc0UqxKUelH44UQu1,418.24046506731514,61.95042410763205,264.4921631909427,452.13491818299485,23.272985156036995,213.60037203829938,465.30248417740796,75.65839239307503,130.79987912423695,33.89445311567971,-38.67743895159506,-50.89179115264329
PXesLO51qlY7lJBrLdOAZiHmUR72,747.38091462166,175.03108668915016,526.5309529541945,829.6003226215774,245.00092538074185,511.38903417502826,750.8783120865266,183.24653912730705,543.165647707379,82.2194079999174,69.96983869159169,-15.141918779166247
PkpTH7pWpEOG9A86xSloOSozwTk2,1219.2520728098993,245.0400576822348,143.81484946572047,1341.4442823451122,353.5096797717315,13.373131563870144,1115.688794081558,237.30454352301047,301.49067245639196,122.1922095352129,108.46962208949671,-130.44171790185032
QG6VXg7od2fHJ1SF9ZzYBqUa1FY2,449.4172719242198,70.55810210350799,189.82415621779225,576.4219014913673,153.75566078976007,227.70801696485654,438.02966720856233,73.043564095649,306.95053251390914,127.0046295671475,83.19755868625208,37.88386074706429
QbOEVCaZLUMOgltUdXm58oZOALv2,1025.0848248449327,245.94270579906282,11.461002439635395,1123.27450756304,299.028755848586,10.0,810.7427338086943,234.9434196964969,243.53410775725166,98.1896827181074,53.08605004952318,-1.4610024396353953
Qg9GDwQ9hBNkDLt50CNLd4NqRlX2,984.2042199029698,99.77344131306016,162.7426498810633,935.908662645538,10.0,306.2310448890423,931.9067330887599,75.70105789008521,226.163531185171,-48.295557257431824,-89.77344131306016,143.48839500797902
QreA2rLiUhV3YHeMfuHMPdGbpJ53,818.6919202676818,202.14022045565122,74.0522560046286,920.9998803371907,156.66720282535988,305.89327950901554,786.5780740641685,123.1549948012146,365.0305856568523,102.30796006950891,-45.47301763029134,231.84102350438695
Rc706mP0TSeIoIpMYH1SpRXjOxA2,962.2231637643548,263.0153006427344,10.0,901.1137113161759,216.90721543967808,138.45855967652474,833.2608049466002,274.1096402273915,90.14513981183929,-61.1094524481789,-46.10808520305633,128.45855967652474
Rmd4rr2vGjOoLvdfYd4EdYyxK3m1,783.2659043705584,184.76661708146833,74.76991669094444,866.7897377041271,145.3473185170496,173.9484987687273,732.8333379073293,101.53463709096906,172.18950674306853,83.52383333356875,-39.41929856441874,99.17858207778285
Ru3Qf6pXZua1DfNkQdhbor6iJ403,646.4173543510014,62.95102248925404,286.59618270882066,798.3994257515963,192.6558297799112,241.28260900336804,575.3565783202819,63.53263083070097,500.6040259568929,151.9820714005948,129.70480729065713,-45.313573705452626
SOhR7IO689NQCPQu56SjATO8FR92,667.3487302870506,144.9791164701394,136.56172128469504,832.0176964980234,190.7877216660994,326.6973377565325,731.481342358663,167.24133646640047,263.2206290488148,164.66896621097283,45.80860519596001,190.13561647183744
SPCT9D90pRa1ihXS5jEw6vCmquI3,450.185221050502,52.69687996314677,154.64867357771357,505.33022925120366,99.10648999787597,197.5661491846806,550.3907549526322,135.8985259725595,201.40432192301785,55.14500820070168,46.4096100347292,42.91747560696703
SpSfX0ZcfcPLdlOENlfdfvEPwru2,630.0778218610805,72.38194310690943,222.11552379170305,710.6397776873472,182.9788654074065,143.36380517488718,697.0083815813234,133.03668213930428,148.76442181890252,80.56195582626674,110.59692230049706,-78.75171861681588
SvtOrPatsnWjicxtyndEzSdO5Wp1,743.4785384036633,108.71513685899305,13.669540588171154,568.8652939936717,155.3075389732238,226.84734324265267,565.2193098152513,103.42532079535356,220.64816005038912,-174.61324440999158,46.592402114230765,213.17780265448152
ToTCRJ4EX9OL6UlJqmDkaEbggWF2,677.0858443633117,130.04772018361578,200.86043418509416,586.3282238868616,80.83916379730492,307.0606628339085,654.3964106875057,17.965019711224187,283.99343416741783,-90.75762047645014,-49.20855638631086,106.20022864881435
UK6MLdHbCaS4xIz2f3vGdpkbBzG3,464.74294418224923,57.571154138853345,105.14603950337468,476.4576134903934,39.2459571886371,198.75089704657717,460.34936500647166,74.29350693499991,110.17431725951037,11.714669308144153,-18.325196950216245,93.60485754320248
Ub7nV8F55kPruh35ZpUcKoBUyn63,677.7078691052964,154.53912207296716,292.52435347652795,819.6745878117914,144.33506507872926,288.62297673471323,673.851346803672,86.01282511088274,350.22224652925553,141.96671870649504,-10.204056994237902,-3.9013767418147154
UbqFccqQZZgcqJIqCn3ErH9zQdM2,653.2952218349943,171.33438300109455,171.1010643431583,562.5125828779517,184.96848965798296,292.5179563633798,665.9688080839393,202.07859903979235,150.84521480317827,-90.78263895704265,13.634106656888406,121.41689202022152
UbwuSMtBsHdW3Ji41opk3GInMqi2,706.9914148848108,135.35921238958954,10.0,627.9995674235846,142.04272145847787,150.940599089361,751.403139142722,167.62618170606666,14.417542642213167,-78.99184746122614,6.683509068888327,140.940599089361
VwTymW8T68MfpnJvZ2X97ILqDWS2,691.5956109163939,126.21179815753523,117.7134831025802,677.4254482788083,84.9943544872672,436.9281418540701,721.7530254229667,59.83059602180149,310.6244412294676,-14.170162637585577,-41.217443670268025,319.2146587514899
WKzqsLX1lNVSdbGgYTTVGtFwsrF3,895.5596917713542,268.72111923568997,65.13531258116755,744.2152549279676,228.4616077068985,307.507919735216,807.215013900642,208.49094886198418,197.9802512793848,-151.34443684338657,-40.25951152879148,242.3726071540484
WbOfW9KmUkPQK8o5hlHJnJFdpp92,851.7127260842551,67.59701950457053,307.7546746383116,985.987927797392,390.92257613546604,172.82021226954672,734.397978698701,239.8530120224522,510.38039334634755,134.27520171313688,323.3255566308955,-134.93446236876488
WcTsIpSoEhYeIBSNjAbbdaNSBya2,1031.4025706167329,203.2897553389779,10.0,827.2844595357049,235.42955913479236,220.07308409989216,904.4417958763909,172.79747561359002,169.49245747030616,-204.11811108102802,32.13980379581446,210.07308409989216
WeHQDy9BWldTlaQDVVlsJNCqwxA2,702.9210169800521,139.472857957869,130.7318859087008,675.2395053146515,239.4006936315542,320.89756366495106,652.9851278047926,176.8602966558691,235.52384419879556,-27.681511665400535,99.9278356736852,190.16567775625026
Wfo71fsX1VVfPZnzhT7HEYBTwnq1,597.6163301210016,71.84510345346813,107.11424144694935,669.8100129654463,104.58783613377625,210.87952739667477,615.0654342525154,78.44456286100302,120.39921908128981,72.19368284444465,32.74273268030812,103.76528594972542
WnC6Uscb5VMIr43GASKiUCO3AYH2,454.1362087327602,86.67647123796338,190.39396597412497,657.1769157395148,203.93786107298337,10.0,637.0210695168103,134.29386633236777,10.0,203.0407070067546,117.26138983501998,-180.39396597412497
WqoZv41KTtTCuPKBPyClregrKAi1,648.9675528542124,65.94601009368411,181.45060494763862,617.7305821265286,43.86434349553649,450.16589450715765,656.2998694479309,102.10271139456593,216.8058263376895,-31.236970727683797,-22.08166659814762,268.715289559519
XbHvBButpZS4bapbJXJLAYcHnn12,674.3460690265591,211.7157868674521,109.98734104548066,720.9447229402584,204.13204320465394,249.64044656192797,534.0430101952905,112.10249475956228,317.4823001739936,46.59865391369931,-7.583743662798156,139.6531055164473
XehZHBpwr5MYzUXkj0FAYCsFG922,642.2178883325108,158.00859435846525,16.186377374844103,588.2095631160706,95.25778819456164,199.4292925378278,548.2428202878206,127.68803724531791,151.17858205348105,-54.0083252164402,-62.750806163903604,183.24291516298368
XjVUeGHFypbhi8kDuvI2f4aW4573,570.1073045386445,139.982274838535,288.80556615240044,561.8473892837355,171.23173311826469,378.0403655036115,511.9226472361445,115.4515002125885,342.99120916196813,-8.259915254908947,31.24945827972968,89.23479935121105
YEU5ox3jteVINfdSTg5ymqYcS9o2,449.985468345627,22.808209482341343,161.01350505940803,520.8938238948764,79.13514842374873,108.38815501527397,464.27283534504767,42.11681155680084,164.26489397763683,70.90835554924939,56.32693894140739,-52.625350044134066
Yco8O7tmHlbsUBfKW2ywcZByGO32,684.748856503849,98.34947713236454,185.58815364325193,684.680857507132,123.59505267274685,358.1891672549644,629.3734776770496,73.8109376034982,265.33457159734655,-0.06799899671693765,25.245575540382305,172.60101361171246
YzmMCD3ZmzbWlV4pTQ6hvDdnuMk2,640.3000919039775,142.19457786515756,244.26481574337342,732.4643202231485,179.6387355602406,415.3615008939476,685.9924637251937,122.05883402819786,266.9011529153003,92.164228319171,37.44415769508305,171.0966851505742
Z3GikGkUkjMOa6UK1xdIDvuGRHp2,563.0262410271995,59.44405324654317,167.27728545183473,634.2665201173603,10.0,259.7867083444983,628.7402564584876,52.66555357436082,129.4690465317031,71.24027909016081,-49.44405324654317,92.5094228926636
ZEd5KGl23wS7rvzDkxzgqmCgLaC3,681.2925656203873,29.858859114911134,282.0130795296933,901.1418908712741,220.0922431423575,293.0808834863539,875.6993856231509,141.1214382789415,257.04588481326704,219.84932525088675,190.23338402744636,11.067803956660612
aM2995jJmJWvr6cneaGH58HauIg2,603.7824856837381,30.864767644245347,285.53424434514886,601.290484876865,10.0,645.6242072135936,621.3745336997293,58.608830379072224,338.15069327234437,-2.4920008068730795,-20.864767644245347,360.0899628684448
afdTz6deeYWf1qKNdUpKAYKN3hz1,669.5684440638371,130.99152702894787,167.97096667750264,1096.6291032111758,439.95465656809796,73.18706506254689,619.4122792234803,145.75948582562722,278.1841613994524,427.0606591473387,308.9631295391501,-94.78390161495575
aj2Ivskb3BgyvBNTLIKlSZG0Sq22,636.5942657215962,97.27292577314086,227.6793355370922,592.2658672492406,130.68239177934828,237.48218660066965,691.5100489709184,166.84500173438624,52.64926645755724,-44.328398472355616,33.409466006207424,9.802851063577464
asKxydfXDkZAk89VaD4hwVovkzJ3,698.976839557088,60.409879446058575,165.80263676565568,742.4810196447197,94.72122083280372,353.58974826897906,723.4369266701754,71.51694818828598,258.410922049128,43.50418008763165,34.31134138674515,187.7871115033234
azdL1gX79EVd9iepyCAVQrqIaQF3,532.683865729844,62.89798507662663,195.9340469568613,769.8794521039873,154.22033569679846,25.974211519378702,560.2148994521882,119.20734244471086,143.540182850658,237.19558637414332,91.32235062017182,-169.95983543748258
bXpFswkI7TfIfL6G4FqWrbaxTGx2,507.44921488993583,123.13608416084529,107.06607139810764,326.18463612745853,10.0,477.90637292640065,405.894948336064,112.09791406726188,237.37989412843595,-181.2645787624773,-113.13608416084529,370.840301528293
biQ16yPcCKSkJQhSxUKcDc8gm8I2,914.7474623144349,31.106276249912668,190.44150764913581,1046.3856737202805,130.38005019725324,167.49799170413914,889.4850147822278,95.79177126357781,152.7718210476001,131.6382114058456,99.27377394734057,-22.943515944996676
btpcu1rB1JeSTo2upeHGPdv8kYG3,724.2791542843647,158.48192358458152,122.59495365326046,739.4078657321243,167.3015422721924,406.13969043832174,758.4857925548615,221.74380609444057,215.92620428661908,15.128711447759542,8.81961868761087,283.5447367850613
c0hRe9PCPPZs3HWFqhIQargNlp52,691.9659123447051,220.79578112896417,214.22822419909613,684.7511376669792,114.26027172914966,332.00536024191354,709.9740254742376,184.8585165778277,221.1144127840873,-7.214774677725927,-106.5355093998145,117.7771360428174
c8BtRUVPPPZHjyhX2rn702NoUld2,675.8362417543317,104.54676063968985,44.93407865561268,692.6192834857475,120.05620470317858,291.6842244853147,630.7428408219866,66.63279391150367,245.55832462585025,16.78304173141578,15.50944406348873,246.75014582970203
cC0BEsQjfrcuCyoaOas9zJT0MNs2,831.6238886265288,152.2973986561277,193.7581704377203,800.1583520728284,172.8867035862407,250.90556614886628,677.0983043611282,129.24066575070967,214.49700719798824,-31.465536553700417,20.589304930113002,57.147395711145975
cEIs6U87xfbSL5eFTXDK77MmvNf1,604.0464349467684,103.86710957130038,275.01283103476453,581.7696816109193,205.56085590127185,342.55918752288864,614.1164323690108,83.22597445387406,227.85196389670642,-22.276753335849094,101.69374632997148,67.5463564881241
cUugYJoOmOSFc0Mh5JD0ZXJrYN52,421.97277238536697,44.37704710926947,177.34746348170984,431.84470283950657,10.0,385.20097666791037,406.2715159241858,10.0,271.9810484224827,9.871930454139601,-34.37704710926947,207.85351318620053
cec6NLR2ZLVVw6h0TEKSNIH11v02,689.2101052845381,75.83076822199997,118.83324477199591,854.2017536781512,196.98941932691068,22.127557259995786,655.4342611294859,82.36879097459934,226.04173209004804,164.9916483936131,121.1586511049107,-96.70568751200013
cfoKz0AGhvYmW0DJmVKAZ01jh752,523.6624569082938,64.3300552076019,77.65206137116122,581.0542063703032,120.09353722770024,92.96920518123537,552.5368988350884,81.65756335133693,121.03575693809556,57.39174946200933,55.76348202009834,15.317143810074143
d9rwc0NXArcNlJvFsgKhQqkGxJq2,735.4747193199137,164.63730191316827,10.0,900.6207639976002,264.6828946369898,85.7955218228315,644.60016404484,117.88962553181806,165.80843614351565,165.14604467768652,100.0455927238215,75.7955218228315
dGL2zPQyEvdibcvxeTencpgoWbg2,491.9799895926538,45.9011688567218,339.6615645880097,548.7538002303723,27.042918153700615,323.441739741556,535.0554029001371,91.02654455821946,221.7406367548283,56.773810637718555,-18.858250703021188,-16.21982484645372
dnkEqKuvjoQzAQm5yXlrAOp9ZlD3,580.0450545792686,95.74501215875884,173.13107171059653,580.9690340216059,137.7628720071524,312.14051849385226,648.3820461368647,138.17271281758715,140.18492107702266,0.9239794423373269,42.017859848393556,139.00944678325573
e7NIVznoeNMC7bBejXnMVvFNPfx1,593.4929788425345,74.34105695869647,274.6079539642975,644.6452089634865,109.1367500965041,313.65291924253603,552.2876360704181,97.78117154038031,308.7790178984064,51.15223012095203,34.79569313780763,39.04496527823852
fEL2NrgSd4MmDtLCAcMvCJQXTME2,1065.5261907701197,249.7093099649631,19.773934965885363,1313.2174300103857,360.18198934576196,35.209802229538944,892.1331350710312,215.5042621762818,227.28878009601183,247.691239240266,110.47267938079887,15.43586726365358
fEq0OghbLpfD1jigl1Mbz96aMbg2,476.6311306254147,109.8874402516194,99.60061725188481,400.0601550487311,141.72668250448345,317.62749389411033,514.0776543144914,142.09054102730678,175.77955585073497,-76.57097557668362,31.839242252864054,218.02687664222552
foaW7wtvY3XLNdguFUK7OvOefP93,635.5474434841914,160.66734234214735,158.97907701127417,933.7637871151572,291.6365554624057,13.623243573012632,673.9917140126138,145.12788705651113,124.00186071408956,298.21634363096587,130.96921312025833,-145.35583343826153
g2G9l3no7RbeRA9a1W3JnfegTnh2,459.6404183499815,10.0,710.0438911814056,589.6955388282134,10.0,600.7458623815581,581.8176221779291,111.05757239944097,436.11347151751556,130.05512047823197,0.0,-109.29802879984743
h12a1QYNpYbl3T0Gj1PxUz3EnEx2,675.6468701857588,53.617956679830726,68.46779417104872,953.871742447969,275.648320802665,110.61174099797573,640.3504156845271,89.4575009824222,230.32493781214828,278.2248722622103,222.03036412283427,42.14394682692701
h52Mz0cZjnOsmXT02EgU3JzzRKs2,436.70164127912585,47.371522255029554,152.69854473471818,402.6681017545251,55.83388619743746,264.8880539257381,394.62584222789263,10.0,240.17956454392714,-34.03353952460077,8.462363942407904,112.18950919101994
h5RYP03wJuVN0xo7qAR8CKFxLaj1,653.8738314174434,109.40226718597471,266.8466025857031,939.9335660984403,160.65986604235076,276.72256883929,624.0379164939227,110.68240194667105,313.02330854633976,286.05973468099694,51.25759885637605,9.875966253586853
hOrA1ssI5vaeeeXRJhtjrGrqHQn1,608.7310194198487,57.722806449807564,286.4877504005385,949.5849597118969,344.64922353592084,10.229433913596393,565.7494128298027,10.0,419.7296482206192,340.85394029204815,286.92641708611325,-276.25831648694214
hrRr560eFBNwJ0CcUjCqtSD8TdP2,608.8899978707348,81.12011426071012,68.28484591495669,554.475125919798,74.7935702649462,165.4157467212348,527.8895335045235,41.28830587907542,111.94948908542999,-54.4148719509368,-6.326543995763927,97.1309008062781
htPWXDgfuheOJbl6ihHore9XuDp2,673.0181080784956,95.48037323313261,157.1046677416936,629.7681636002317,71.21331945000613,256.3602762710012,638.9208952128631,103.58615320377625,184.7403823716182,-43.249944478263956,-24.267053783126485,99.25560852930764
i1bdbtLuM9UR71xKs8yOhuCwJ9o1,693.9915093346258,65.88119793729595,139.13763311090977,763.2419597335235,105.60816004234935,132.51511529875964,712.2573114969177,66.29997235027626,144.21087869910718,69.25045039889767,39.7269621050534,-6.622517812150136
i1tBstVkNiVP0qro7TgGD08IGGa2,842.5182688198438,189.44711382905106,270.903478914574,1215.2386406210178,307.70805216880836,38.405951195038604,938.1297535597721,196.6357707868964,260.52680540249827,372.720371801174,118.2609383397573,-232.4975277195354
iKVZi0Oo96UrMBhPQMHWFcf55uA3,714.2564425924127,49.97491476065609,432.1026468556664,906.102544958756,158.83138732518972,369.91200827536375,850.4852724713679,236.90918732716676,427.6923768098943,191.8461023663433,108.85647256453363,-62.190638580302675
iWsc4pghIEWOQUZKuQJMfe516UI3,553.0552550114674,120.29406141126842,26.31171507048166,426.19407802415134,37.13484949634465,285.87829194612203,482.2209364639747,106.97795399664199,159.70610229292632,-126.86117698731601,-83.15921191492376,259.56657687564035
iZScIvzhvAdvlsBXU5D8IHwvG6Q2,1015.9163044027681,343.4460625446596,311.65039068823455,1476.1939837439559,464.4406391597849,80.71829958714586,1075.633265083662,282.71431477612015,219.95148887228004,460.27767934118776,120.99457661512531,-230.9320911010887
iZX3U88SSqYAtT564nBPgHUBsei1,664.8554738327496,116.55333109369151,141.23637006814766,727.8859933870015,132.78125687845116,283.717558344179,811.7397525612884,180.93944359550284,98.43287224709454,63.030519554251896,16.22792578475965,142.48118827603133
idP8RVfm74N86O0dszLXANIpjXv2,752.5436218465009,216.71306692479402,194.27025344150493,783.0300374971309,228.9240998894688,167.79503519139467,804.5184564306844,185.53887060215598,124.88501937679825,30.48641565063008,12.211032964674786,-26.47521825011026
iv9ew8Ci8lOzvXFiJw1acJfuRAl2,595.219641498578,157.41003409201724,272.6062629489596,974.4666307038266,427.29886226526753,302.1487085094516,621.002756384004,97.84931695661555,321.93772676712285,379.2469892052486,269.8888281732503,29.542445560491956
jpklrtZKDdb3UbsoQ7Ho5KuR5yb2,844.1544851293005,162.7204590691285,170.75668180300178,917.5458973141879,118.71001430114676,262.618972539789,887.7164746066605,160.761119511289,269.3355343765855,73.39141218488737,-44.01044476798175,91.86229073678723
jzdk8E3tVXTXIozlfK5oeEb7wWp2,525.2951619275703,10.0,321.3774871624154,695.086933019315,155.4448439119422,188.6624953218013,737.110926192695,169.7534562591094,208.5615727433515,169.79177109174464,145.4448439119422,-132.7149918406141
k8j7IpYfd8dYB0L1qyLCcrwoFOy1,792.5297889314996,220.1601674645196,20.481805765129575,605.1574767465688,199.80244190570653,259.48988512056343,603.1160211636306,126.52899286629813,165.67172761040538,-187.37231218493082,-20.35772555881306,239.00807935543386
kI0YdycDU0X5hcoEPjEON3Ionyd2,598.525624595925,103.37506657349935,274.2474972554253,600.1290930151627,10.0,392.0003934490295,606.9300780600219,57.613662708949434,208.88843265652426,1.603468419237629,-93.37506657349935,117.75289619360422
kR2rCtaPyPaj7YMizKUDn5xL2qx1,611.1114014419612,59.410776049865525,154.46651961431039,877.2562751262953,220.8094323714302,177.5609802874617,558.2906728408641,119.00315282320568,271.52038794546485,266.14487368433413,161.3986563215647,23.094460673151303
kgSRatooJJfDaMZ2yIURqb8aJuE3,500.493071700321,10.0,358.3505488747929,535.3702722505973,33.083434417208785,521.5297104471266,560.2876277251798,110.20919082489304,423.8401526457143,34.87720055027626,23.083434417208785,163.17916157233373
kxerHPSL3bQjD74HhiebYf3blPr1,550.7542621235618,61.63597101696529,159.02556818614607,664.0462844879584,131.4661258235179,174.54860321359124,543.2769376394389,76.51556659163079,156.64000200715387,113.29202236439653,69.8301548065526,15.523035027445161
lHDkoPQu5reNCO45npeYSS9eLQl1,589.028516287587,120.25836866419836,153.6921405985423,575.0726142626511,98.15860995830944,275.5904657303851,633.5867561443149,59.19047571105091,105.66223894608972,-13.955902024935881,-22.099758705888917,121.89832513184282
lS4TefGwYUYBhCDMI0Ws2WxSQmm1,709.4117790154123,10.0,325.9412962008908,780.6098315697111,10.0,403.0316833546234,770.8246214325512,81.76177472910672,348.84212814486693,71.19805255429878,0.0,77.09038715373259
lpzDdvuMkKWkPxu6xeclmdctEp42,680.9581151122144,77.3300740606471,121.38528540872665,737.0279745101806,202.5754749617454,168.62333811287434,664.4129918889178,97.33624982895455,140.80433621475905,56.069859397966184,125.24540090109831,47.23805270414769
m69r9GQTk2b51mvxrFLt4fZeJi52,669.3891729579799,149.30624340879385,10.0,623.6133111552582,194.17986857629958,199.86347364961853,606.9263400044996,114.91436813672244,169.9905601521807,-45.77586180272169,44.873625167505736,189.86347364961853
mUZzgdWKnPb2txOkJg9FHgqX5792,841.5288157115561,219.82525909454915,221.57061702157125,855.0100505130965,335.64983172330716,343.9881017549397,787.8926396249105,256.50689911009357,225.28629426572104,13.481234801540381,115.824572628758,122.41748473336844
mYRMPGfR5gRSjnp7ojjD5sXo7Jr2,489.3994375504283,65.36768990901275,176.25195282957182,457.4166291689771,37.44420697545669,395.4397867562037,450.00457786638964,60.93589226000563,331.4560221259954,-31.98280838145115,-27.923482933556066,219.1878339266319
mg2WZiRBn4NQDKiMK43Y8dBqyG53,581.1403296982737,95.19948969717694,152.83066373827586,634.5709093150729,136.62843683018795,243.49199749530018,569.6174952211178,90.94285734333072,189.5555497475164,53.43057961679915,41.42894713301101,90.66133375702432
mweMgSlGM2VxThhwnupYxYzUbR23,482.8622450421695,108.7674711505066,168.98025614679398,593.6519400430885,159.96529757197624,164.1861308854442,695.9875779732021,160.34265691280527,60.04800192847183,110.78969500091904,51.19782642146964,-4.794125261349791
mwsliuPsLFhRFjtjQwYkqcCRDvi2,577.7439366127998,63.4106473834471,170.26581007060742,564.9629351879562,77.81633475197448,135.28885893131792,579.6099641963995,107.55046169887162,129.0392915949398,-12.781001424843566,14.405687368527381,-34.9769511392895
nHy6rdfyacWW9BnyDb1dNvNYWfh1,610.3858153791821,87.09810010393353,154.62429615016416,873.2879913089193,283.5647083003927,166.94143352125798,635.7343426074445,134.48450435232957,252.0422757439582,262.90217592973727,196.46660819645916,12.317137371093821
nT1qJOiMyDdJ9ui4el195A8Hsgs1,739.550996745125,134.34162180452495,185.42768443740005,1007.3520079106202,224.26761640112207,29.314420013707092,785.8913264292308,97.4329408956234,223.9707506154275,267.8010111654952,89.92599459659712,-156.11326442369295
o4jXmZcjtMVF2ZInToRpVHUhpdV2,820.6008032668394,165.04376315884545,224.39750040031274,893.4244039164596,243.61562566922026,326.104745431243,840.960280730185,209.79467723976688,403.88667521086495,72.82360064962018,78.57186251037481,101.70724503093024
ohl9pXqpeSMfepC3w9h0tW5SbJw1,895.7967426076166,218.33972844403172,258.0696552358108,1417.45540388229,406.46851686439567,15.90643593638053,1105.951365827842,251.256790736942,241.2914350068685,521.6586612746735,188.12878842036395,-242.16321929943027
pFlYc8DBmSXkvMIRgXFxvo3JB6j1,593.8212168777433,98.68902727781936,169.7873997350453,782.0712303470036,208.61457426158182,49.98720120389059,643.4336977472458,116.88157025002411,129.26149970479298,188.25001346926035,109.92554698376246,-119.80019853115472
pRQimOpZtsekBI2I1kbnD3pycmo1,635.0148164089823,127.41830955761223,99.60512803800307,561.7431712133406,112.8335258531129,297.2443086605913,600.896552296698,114.368778949169,205.87428514767066,-73.27164519564167,-14.58478370449933,197.6391806225882
pYrcE6tMnVQP1kHAjYwvIz5NOvn1,618.9859226921404,77.39083227609643,298.35467873890707,580.240140247994,130.2283340531287,385.70094872320385,830.5666507400724,196.45495009417476,303.50495303280627,-38.74578244414647,52.83750177703226,87.34626998429678
pcbRW89vVJcviD87V3uxyG4I9st2,460.2484415532259,31.536069004660845,150.15718818664098,465.93642764330735,36.44730482274257,235.05663469263482,483.66927530872096,54.4404264497154,153.4600071233265,5.687986090081438,4.911235818081728,84.89944650599384
q0Atnpm0jZS5swcVmq0EMalQUKw1,621.953967903895,98.05649886428297,122.9643423864801,671.4416768191119,192.09877158598374,131.16113077651028,637.9280832368513,114.77140380191403,69.51453825266309,49.4877089152169,94.04227272170077,8.196788390030179
qZZiI6GzgxOrpQDGu42ZA0xsGEJ2,539.1923093974711,10.0,325.43445172284964,718.7047412080329,142.7778912783665,229.312605281246,667.9372007364252,109.27770180841831,173.4476352850642,179.5124318105618,132.7778912783665,-96.12184644160365
qnR5PLX1v3fPi6SwTJMwGcadwyD3,415.0070769604728,65.98087969872873,266.86113161327364,896.0419375977779,314.6170067003089,65.07731926523736,554.5770010817732,107.84403771192133,227.19821096619074,481.0348606373051,248.63612700158015,-201.7838123480363
qsRKc69hK6e8Uu6vr2pBO8NbpMt2,543.8065386137789,83.69367586950091,107.27918103630131,531.1982530706257,51.3904003330679,212.83779226972817,535.2830047829647,71.83149795723035,143.65104170608163,-12.608285543153215,-32.303275536433006,105.55861123342686
rFV2EUbp64f5ORSh7DqwmCQmeqT2,695.3371536173183,192.9829381765808,279.7645872632968,713.8614916339592,198.69548503878585,260.7502081705312,615.8296144964598,132.03871585228922,331.8458799374245,18.524338016640854,5.712546862205045,-19.01437909276558
rNe3cRPepZUXbJhmmfQZiGsVzX22,591.2843072240122,10.0,314.2002108359467,727.5340563922022,80.40518293184817,252.43665323215083,680.5358782270044,81.74233186555735,335.3993103916552,136.24974916818996,70.40518293184817,-61.763557603795846
rUuJv5gl7dWVo7UPQWMx4bohxhK2,770.9597214781036,95.3245360391534,302.6212552378008,968.3289393276897,187.53853181274206,502.17183976880176,1331.826697823827,441.7355738932265,64.35118365258839,197.3692178495861,92.21399577358866,199.55058453100094
roaf78tUWxWSEjAUcUu8O7mrQbl1,723.3972826076605,148.90862723467728,45.77002434927459,621.4020758816009,113.5391186607156,248.4006688575975,686.1117233989675,152.56122181721173,75.08552425731193,-101.99520672605956,-35.36950857396168,202.63064450832292
s5gTyWKzfkdHXNT3qicwPmdONYv1,729.8984232860255,89.99324403895278,124.06509106610282,713.3888950404561,10.0,330.8831976501784,701.2826045608052,60.37391232554445,196.06867852167653,-16.509528245569413,-79.99324403895278,206.81810658407557
sqfXvh6GJLaYAqr3RvHrixP8IOx1,528.8255628631177,10.0,345.8529790124855,588.0335088467399,92.31798055715956,280.21700331829663,651.7345754119376,114.11503757268875,282.37759126856093,59.20794598362215,82.31798055715956,-65.63597569418886
ssPK6ISW0HerTGke9hznqJ2LpKu1,556.0669878902341,114.0583166303733,215.12331643911057,593.1466414825362,162.8940854684663,311.6751671015027,653.5693733874659,98.52710121006743,175.18799589586428,37.079653592302066,48.835768838093,96.55185066239216
tB4wPBbnWJUXeOC3Zxjph0Esgjf1,1089.0643143627203,341.2038761834807,124.28031681984689,942.0470215577847,10.0,584.428702414344,1000.2772464403039,328.39411359451907,265.3207173531722,-147.01729280493566,-331.2038761834807,460.1483855944971
tPxs1KmmX0ZKjHS9Nr63xoOPCRr2,670.5541732228473,110.70254529781477,170.30518239617498,907.8430124635777,190.69414159074483,24.390320885650226,661.6089142220494,115.2084223112662,222.05514555195185,237.28883924073034,79.99159629293007,-145.91486151052476
tSvrYUUA5nbPdK6C5D73giKnIDv2,547.0907813991298,19.821038935214034,323.03122592775725,562.8445656043158,88.00202183408851,322.4270465809391,500.56132822822065,55.76714417938265,466.1519758148268,15.75378420518598,68.18098289887448,-0.6041793468181709
tv88wS5Nf6SjruozSmXJxQSmx6J3,927.7211389233796,154.7649975253892,170.6240781905553,1068.3026818674318,88.63899645610782,429.9783738084511,949.1042328137879,184.63160653971272,217.06065405399463,140.58154294405222,-66.12600106928137,259.3542956178958
u64Uf920g5VD9Byq26LT2rs5o4t1,563.5715060674147,71.59392132418279,120.73699875080622,536.9209738969843,10.0,245.6761071871978,575.5735307459736,57.124985044090245,182.4381901671222,-26.650532170430438,-61.59392132418279,124.93910843639158
uM3kxG78g5ZtXtbAEzZyM4XFmaI3,733.3426902021909,174.7288851637789,231.141961537964,764.2283016970175,138.8268371676286,235.1261759068392,700.8273695286166,141.3551736677911,201.68946712697283,30.885611494826662,-35.90204799615029,3.9842143688752003
uhq0lYdK12b2vJDJLS0EPTVe9nP2,560.8130243354103,101.11742528867492,259.8963684797162,679.6736389599994,214.4346888927489,306.9873282311741,571.5785929485799,69.51691098806273,325.72097210076595,118.86061462458906,113.31726360407399,47.09095975145789
v8nNKiWvPdcjiHXZci39OuFTY6M2,901.6910947690525,198.0494360428312,196.31895442186695,1138.4786659706813,195.96232072508323,177.05730152103698,1102.861913087138,240.40512644774697,10.0,236.7875712016288,-2.0871153177479584,-19.261652900829972
vpFmF3TtdQTW3MyS8ouwz3urZVs2,709.8270972947473,100.93062360746292,63.66059714946326,719.7174445122827,138.6430388695304,339.2039836729639,653.2822260798854,92.56675614388318,196.29534029611193,9.89034721753535,37.712415262067466,275.54338652350066
wJPD2B4ZTJhCyUqGTwc8yJSKPPH2,548.9958779737145,79.12682888197538,223.3838065158579,692.9118079939782,146.71590234600902,172.9967931554301,626.7258516645843,178.48298381112383,80.93254988079865,143.91593002026366,67.58907346403363,-50.3870133604278
wdppvL4tIkVlGjou6aYzzjlaZXB2,474.24143932457827,71.69393290616783,272.4638353845232,474.24820628611224,92.64676497165517,391.9978047587334,518.1504767231943,112.62331116645137,282.2817027959034,0.0067669615339696065,20.952832065487343,119.53396937421024
wkhxvE50megJGMA1EiROSZIJWNq1,740.9269761171843,97.10468912881537,66.02640739496903,669.6232622984461,108.75402541007419,274.74616394570097,577.5145840063708,96.10461337046408,277.6437087690367,-71.30371381873817,11.649336281258826,208.71975655073194
xBGZhFOeypWnqzSQClkrwV9z2vF3,671.5681252447505,112.30869474110996,263.95905829351483,675.5484180904901,88.50372367060237,468.3153012474245,789.4333742426538,163.5441082455321,237.0321713538007,3.9802928457396547,-23.80497107050759,204.35624295390966
xFaL2YdAmJcWA8oTLXhVCHNqt0K3,485.9399858506386,93.52447345326453,255.73207853075598,414.07783115546954,37.903416052472174,479.61407240311814,440.98610903024456,66.54941950476464,300.695978349099,-71.86215469516907,-55.62105740079236,223.88199387236216
xHctBv4C2EU8rHYRouw0btT3GT02,511.44544724029186,103.70639552399753,156.120196121513,516.7955831987791,84.06229861126275,348.2783434706549,567.0293545559567,63.68134409266646,159.93980618753548,5.350135958487272,-19.64409691273478,192.15814734914187
xyAILKfYP2M8GqAai11x6NT7IcP2,708.4471942292718,86.43443321082464,222.81263338985082,789.8885532902954,219.68338966070735,345.481859064807,647.536043024806,94.81257375165755,229.8065904845173,81.4413590610236,133.2489564498827,122.66922567495618
y1EHXv8tUTa4BRS4fRio7bULYfA2,608.9794341222537,98.74459309074251,158.46464890845942,728.3408550149486,171.0893959966675,214.99459277801677,720.7118967831028,98.11910348362457,145.5646836387771,119.36142089269492,72.34480290592498,56.52994386955734
yGTid3RXTdQe5JNosdSxvgktWIW2,1172.571781010723,248.34916575692762,372.8138532777476,999.8321216061628,171.96750977658675,575.0801877743666,1192.201867869425,289.0455781951295,346.65297343359254,-172.73965940456026,-76.38165598034087,202.26633449661892
yatBVTBMCSMp0wJluOCLzTFKMyP2,783.407544228373,119.66688411524751,173.00844362651472,980.2438341749167,204.6876617049952,10.0,728.5990994517365,95.44963668117822,197.83937765034676,196.83628994654373,85.0207775897477,-163.00844362651472
yfjd8LbAMrYeG54927d3GiKAyXI2,525.2497520599693,162.5393108325848,314.6289297155914,619.799531441489,176.42879806267345,322.8928554132901,482.89017727000004,174.65571345563433,352.53690269405365,94.54977938151967,13.889487230088662,8.263925697698653
zw1w9FipI9RjJsuhHse6UZavBxs2,458.0884358442451,10.0,233.62200431315142,587.4128322006152,91.28686979136987,273.3679027590657,539.176562344904,56.267427780086884,144.60087357147634,129.32439635637007,81.28686979136987,39.74589844591429
zxG9mUnF7uRkaOKSoCPsiRZzr372,879.6833824228311,106.09625636080206,102.08367925524172,908.6771515169332,93.71036107191463,333.0224838778369,848.4968559992575,117.2156347505996,160.33540792400453,28.993769094102163,-12.385895288887426,230.9388046225952
